Delta_Abs_mean,Delta_Abs_std,Delta_Abs_median,Theta_Abs_mean,Theta_Abs_std,Theta_Abs_median,Alpha_Abs_mean,Alpha_Abs_std,Alpha_Abs_median,Beta_Abs_mean,Beta_Abs_std,Beta_Abs_median,Gamma_Abs_mean,Gamma_Abs_std,Gamma_Abs_median,Delta_Rel,Theta_Rel,Alpha_Rel,Beta_Rel,Gamma_Rel,AlphaPeakFreq_mean,AlphaPeakFreq_std,AlphaPeakAmp_mean,AlphaPeakAmp_std,AlphaTheta_ratio,Index2,BrainbeatIndex,User,Task
1.594701458275598e-12,8.458365529503175e-13,1.4722347569076007e-12,5.869377788192611e-13,2.720704984137781e-13,5.155536309994277e-13,3.7623226882457687e-13,2.065740271257073e-13,3.139186548143494e-13,1.288916198467734e-13,7.249265240801358e-14,1.1382220499821343e-13,8.030358896250229e-14,8.591665350418734e-14,5.227257577834728e-14,0.5763144376907019,0.21211538636543556,0.13596782477592778,0.04658056906485842,0.029021179780893875,9.440104166666666,0.6345569234901669,4.4628382807270004e-13,2.4694994514063934e-13,0.6410069585851295,1.1619641346922103,1.560034126248884,1,1
2.382065272056439e-12,9.091799702784151e-13,2.2926117405713984e-12,1.270724695394039e-12,5.73591611933852e-13,1.1039371498235559e-12,1.3199601715006939e-12,5.110541702631893e-13,1.194958308681725e-12,3.034695690817471e-13,8.037209247817771e-14,3.142207174241522e-13,1.3632432272148634e-13,1.0088630751836797e-13,1.106010141133853e-13,0.4401007225105605,0.23477394306333602,0.24387049002276662,0.056067807284535635,0.02518672919222486,9.66796875,0.3429574789340084,1.7049479502292205e-12,6.864519962432076e-13,1.0387446195419656,0.7827399973413551,0.9626980558455519,2,2
1.850895809174378e-12,8.978699962958047e-13,1.8307398053189626e-12,6.53385898123103e-13,2.4198491766221964e-13,5.789624943569408e-13,8.63031502311471e-13,6.081891200937898e-13,6.398006428794576e-13,1.376055220142466e-13,6.191417863843796e-14,1.1494332084766895e-13,6.470827057220651e-14,6.961142194459633e-14,3.888131568364662e-14,0.5185121425429406,0.18304029879146777,0.2417706664672739,0.03854897379511258,0.01812745150123255,9.765625,0.43673202685542767,1.2396685436938802e-12,9.622892575934602e-13,1.3208569443606646,0.652968852798513,0.7570808650341162,3,1
2.1847563044398353e-12,8.544440676704435e-13,2.0975855609645496e-12,8.716990712251611e-13,3.953115849411809e-13,7.927557537916113e-13,6.294731408757209e-13,2.549515706843512e-13,5.414302078670623e-13,3.122733019528553e-13,1.634715759847627e-13,2.70939221057529e-13,2.5796977474701216e-13,2.1655279628298743e-13,1.839628482976906e-13,0.5133147010296861,0.20480817344455493,0.14789650289975229,0.0733694995207174,0.06061073151722064,9.700520833333334,1.0677877257068182,7.2763331876061e-13,3.1830178157442685e-13,0.7221206929319295,0.9256180739161488,1.3848037455676296,4,3
8.224052402045044e-13,3.303354344463009e-13,7.651870278162751e-13,5.600719046648822e-13,2.131895298388935e-13,5.430922517256284e-13,6.60428136467671e-13,1.9886988052038886e-13,6.485561030778591e-13,2.744035873473807e-13,9.812803102665276e-14,2.5038282119570175e-13,8.850796080534465e-14,9.12998272920987e-14,5.4705300718094353e-14,0.3418401020352882,0.23279890214480287,0.2745128684989225,0.11405830813328999,0.036789126422772746,10.611979166666666,0.4533980558979206,7.826600955964908e-13,2.393778481336153e-13,1.1791810402650027,0.599114142014416,0.8480415359919157,5,3
1.4225173535699356e-12,5.514739569886277e-13,1.4556040099244119e-12,5.272965945579782e-13,2.1881698623396758e-13,4.4428718799756995e-13,5.96235701855652e-13,2.1794825466417218e-13,5.698178347888749e-13,1.2888536204173888e-13,4.644003670352801e-14,1.233669970817327e-13,4.0290604818509e-14,2.4256837257327475e-14,3.3366015546541104e-14,0.5239036018122146,0.19419979968536694,0.21958961059229898,0.04746761452511069,0.014838759562852447,10.139973958333334,0.6451146218296359,7.255406764751157e-13,3.099650191145197e-13,1.1307370907518273,0.7271825476327372,0.8843736109073482,6,1
9.577869392074544e-13,3.971145137914753e-13,8.968994387812991e-13,7.470600317017474e-13,3.656416887122833e-13,6.776508789432259e-13,7.479710142987478e-13,2.6348810747144384e-13,6.667382427302445e-13,3.2769092251683886e-13,1.1623585471401797e-13,2.893813454074809e-13,9.719892623913087e-14,7.06466034329549e-14,7.390699044121537e-14,0.3328296129256885,0.2596023092456156,0.2599188744155192,0.11387213422516508,0.033776490023691375,10.546875,0.6124637930412363,8.459134354878594e-13,2.8761328650105234e-13,1.0012171898684135,0.6945108389679493,0.9987798360997769,5,2
1.8233967460309485e-12,9.983313429813826e-13,1.6990292969879578e-12,7.314038347990294e-13,4.344614047761524e-13,5.819320066997648e-13,5.08394484994258e-13,2.7078116548791794e-13,4.2806508689348244e-13,2.3130611278494704e-13,1.3703722450903686e-13,1.979072493634732e-13,1.643740201507282e-13,1.3605557615623095e-13,1.204148837285816e-13,0.5271643995936443,0.21145703164799606,0.14698253357208146,0.06687318507836514,0.04752236825593274,9.521484375,1.0026622937019167,6.043181834418391e-13,3.5482031282431344e-13,0.6950925088414889,0.9887813921280088,1.4386494319627345,4,2
2.1222448995045055e-12,8.391905567623417e-13,1.9771322356536676e-12,1.351282023813563e-12,6.705191844960038e-13,1.18891986624565e-12,1.2241680428667855e-12,4.3833750035303916e-13,1.1537665972785922e-12,2.963182265700447e-13,7.736660412711016e-14,2.9895593404215143e-13,1.3891047984832868e-13,9.567109173679926e-14,1.117328447341739e-13,0.413457192386588,0.2632576814385866,0.23849324935649865,0.05772891810894583,0.027062634008249035,9.440104166666666,0.46035597733499195,1.6292814646217334e-12,6.086856965496084e-13,0.9059297107565408,0.8887160441906876,1.1038355330067389,2,3
2.7484953741000364e-12,8.328320499439182e-13,2.580348113746226e-12,1.679088349723729e-12,5.799838271969455e-13,1.5768279779817477e-12,3.537881292991565e-12,1.6074341800324585e-12,3.156741432645593e-12,3.976642994894344e-13,1.1695167790219552e-13,3.9084509317419646e-13,8.558897973723779e-14,7.206699851777967e-14,6.540154990869205e-14,0.3253150046671526,0.19873878612795343,0.4187476101240448,0.04706799387891449,0.010130407933392772,10.693359375,0.21283686247757194,5.964494830135892e-12,3.5971931625678706e-12,2.107023005590304,0.426646725133565,0.47460257133150985,7,1
1.308081153830569e-12,5.436842384119813e-13,1.2731932038335051e-12,6.351404243565379e-13,3.199326997903972e-13,5.733743465279884e-13,3.2667457239732525e-13,1.8143799172917952e-13,2.903262605404428e-13,1.2154836390153894e-13,6.251446179652972e-14,1.12500793681646e-13,6.452496440384655e-14,5.1687165423160594e-14,4.8631090651085884e-14,0.5326125904195744,0.2586107029415547,0.13301238208289531,0.04949095762849362,0.026272688309302673,9.309895833333334,0.7661850453085821,3.7859841886817653e-13,2.024569610887517e-13,0.51433305557038,1.4170137474702191,1.9442504486288077,1,2
2.3745127430825867e-12,8.382852987175516e-13,2.340067537507594e-12,1.3290224955262681e-12,4.746690602698383e-13,1.1925741840981802e-12,1.901475798094774e-12,6.392364258510936e-13,1.843277261677413e-12,3.577577531930365e-13,1.3336335476846868e-13,3.2560694826636294e-13,1.184565554735681e-13,1.1217184324050016e-13,8.027111661304279e-14,0.3904660586395781,0.2185451213867962,0.3126796277019557,0.05882986319782296,0.019479055006349978,9.5703125,0.4649367466499251,2.4936687459168316e-12,1.0022019782299978e-12,1.4307307964644336,0.5882621185099848,0.6989420175395068,2,1
2.676222064689977e-12,9.051303061101753e-13,2.537427854664079e-12,1.5020496567680585e-12,5.264977121140474e-13,1.3828159031632546e-12,3.107185422721966e-12,1.5793767629834132e-12,2.854864812789789e-12,3.480940805232827e-13,9.339371899221483e-14,3.483344932176432e-13,8.043698873216297e-14,3.993095864018489e-14,6.853753651073853e-14,0.3469309794653957,0.19471760789348805,0.4027987424169183,0.04512503722894109,0.010427416937588488,10.677083333333334,0.3505966671311526,5.603266470200036e-12,3.687838393825918e-12,2.068627998420718,0.4347112674498642,0.4834113986562683,7,3
1.7353447515608083e-12,6.690953089289068e-13,1.7048949234437324e-12,7.331579642320295e-13,2.98371217524733e-13,6.845062093849278e-13,6.772694324967636e-13,2.9388295296568624e-13,5.784211229384623e-13,1.4040860964909916e-13,5.3397979185653406e-14,1.2828358865676315e-13,6.610592580549215e-14,4.670394549561121e-14,5.0481172297356316e-14,0.5176597506441004,0.21870372939194593,0.20203197389441657,0.0418844069997411,0.0197196418969717,9.830729166666666,0.35059666713115256,9.127200062353436e-13,4.0320755434110495e-13,0.9237680362550471,0.8966322098132455,1.0825177172592053,3,2
1.3887140636571043e-12,5.685156332470746e-13,1.3811927633519313e-12,5.69028592347985e-13,2.607402884701904e-13,5.000025237995809e-13,5.484229262773578e-13,1.8032838815751764e-13,5.288586864909046e-13,1.3165274212691083e-13,4.260424431400558e-14,1.2606046417783877e-13,3.955537071864475e-14,1.7501295459368916e-14,3.392733226488131e-14,0.5186848596105091,0.21253224350528116,0.20483602490079864,0.04917231405261859,0.014773935430604101,10.042317708333334,0.5376023621391193,6.608639377646623e-13,2.2596273214709092e-13,0.9637851723861256,0.8367115958784785,1.0375694300894773,6,2
1.4420285523266848e-12,5.950790265786783e-13,1.427106010928826e-12,5.285438058016303e-13,2.288461062276015e-13,4.4660209891364896e-13,6.012580129682634e-13,2.2535416798060836e-13,5.75239277350745e-13,1.4645954732083488e-13,6.073587384683528e-14,1.36816291312918e-13,6.480235006017872e-14,5.898182341353283e-14,4.570370026410574e-14,0.5181386564488843,0.18991231274205406,0.21603942481988045,0.05262472296438794,0.02328428417088975,9.977213541666666,0.5376023621391193,7.371951622991113e-13,2.9280349988625295e-13,1.1375710213927295,0.7068747020904131,0.8790607847220839,6,3
8.076313316115737e-13,2.5588124278342565e-13,7.513526624691002e-13,5.529519871155654e-13,1.727550214957598e-13,5.59480352768073e-13,6.442975173410272e-13,1.8573164619708828e-13,6.286710354781079e-13,2.652743106739245e-13,5.0366305833675526e-14,2.5422379822594777e-13,6.914809013278392e-14,4.7121749567237975e-14,4.9796130940892213e-14,0.3452441494004809,0.23637448298357147,0.27542263360607955,0.11339877511149488,0.02955924643602406,10.823567708333334,0.2699076164026205,8.158345728709176e-13,2.50204146294711e-13,1.1651926213598525,0.607924472677293,0.8582223923924174,5,1
2.246105092800818e-12,8.573684846255171e-13,2.2010971107873572e-12,7.533418077567627e-13,3.060808310923642e-13,6.773485516334775e-13,7.082568517697368e-13,3.357672026523088e-13,6.185400628905091e-13,3.265820366506229e-13,1.981037891450484e-13,2.5028776170209116e-13,2.692376726470479e-13,2.5562118280242313e-13,1.5577493951815383e-13,0.5219221512231395,0.1750522618781158,0.16457597682272376,0.07588709881200675,0.0625621239846055,9.47265625,0.94848973205296,8.83024748385402e-13,5.000377824929884e-13,0.9401513065627872,0.7279786282568037,1.063653719859082,4,1
1.5333698598228367e-12,5.883905178088426e-13,1.4745177912966261e-12,6.266040748599542e-13,2.604708740483372e-13,5.746988609253211e-13,6.021302000544302e-13,2.871819652957839e-13,5.153251880950433e-13,1.1723262075918424e-13,3.9250075771426564e-14,1.076846085466193e-13,4.829971240787139e-14,2.6668257355375085e-14,3.952321371664374e-14,0.5237566220073704,0.2140305755211736,0.20567097857627634,0.04004341225605913,0.016497842352005666,9.798177083333334,0.3973488156163315,8.084377282055606e-13,4.1069874753099e-13,0.9609394873839489,0.8710522770657766,1.0406426058665863,3,3
2.7050595521487094e-12,9.542934049926339e-13,2.5672576368386464e-12,1.5960117535530606e-12,6.510908666101942e-13,1.434075806855738e-12,3.4023529675853073e-12,1.6742026099128522e-12,2.876354876451325e-12,3.701268212680746e-13,8.009131237216355e-14,3.730832049541024e-13,8.05155178518788e-14,3.731170504037534e-14,7.19530931064956e-14,0.33174354930174854,0.19573195844447444,0.4172583367148127,0.04539167549258257,0.009874275649433899,10.7421875,0.25214735326871207,5.679605699675588e-12,3.43146504013798e-12,2.131782179573964,0.4230668254757651,0.4690903580378688,7,2
1.340692830857221e-12,5.778072658655849e-13,1.294920992914433e-12,5.965489687968509e-13,2.8585395089984073e-13,5.505737382390312e-13,3.648838621763702e-13,1.9916249055078046e-13,3.144650724939586e-13,1.2743580895121957e-13,6.82786637661648e-14,1.1391537268664456e-13,7.30075675982694e-14,8.710953135598422e-14,4.238166022502478e-14,0.5357262546683002,0.23837447133616285,0.14580361763228428,0.05092196144318197,0.029173028938221348,9.781901041666666,0.9176858957689096,4.25668351936107e-13,2.413616786327058e-13,0.6116561453209363,1.2117065075212152,1.6348934710794436,1,3
2.0000043566583605e-12,9.939769953709606e-13,1.947463906559014e-12,7.06747123512778e-13,3.0842068120967495e-13,6.980278866828657e-13,5.488912578813166e-13,2.54350218022253e-13,4.71263443181616e-13,2.2155956761463892e-13,1.4352787293590003e-13,1.9116239695326743e-13,1.501932204266624e-13,1.9968033034670938e-13,6.664223902710538e-14,0.5513607279208295,0.19483587982129644,0.15131821212653426,0.06107948918768216,0.041405231477385146,10.042317708333334,0.9280198756607052,6.230226076836408e-13,3.180526190962117e-13,0.7766426564974414,0.9173143454036647,1.287586507140329,8,3
1.7095351427827335e-12,8.480486160537623e-13,1.6859318178251126e-12,6.721940154104775e-13,3.074992993209348e-13,6.152435516530477e-13,6.129158688969377e-13,2.369265902080384e-13,5.24294699842016e-13,2.4533863323656765e-13,1.1651902366916253e-13,2.0483378936592777e-13,1.082726958583246e-13,8.587481343504936e-14,8.253075132664239e-14,0.510574493099168,0.20075932345201117,0.1830551482931766,0.07327351463421955,0.032337022750149005,11.442057291666666,0.799185136535867,8.411669659429367e-13,3.9245847017877255e-13,0.9118116721651252,0.7832090695604246,1.096711998609023,9,1
2.292079707205166e-12,1.3053091429530064e-12,2.2302261951740188e-12,7.310954974957925e-13,3.2662858140616597e-13,6.790171682691489e-13,5.879257950648602e-13,2.909059206293662e-13,5.166882065992015e-13,2.2406431044052618e-13,1.2810733233261147e-13,1.9253026467868043e-13,1.5606529914183215e-13,1.8992658814546758e-13,8.486108191344724e-14,0.5742787060976959,0.1831753821718878,0.14730432969235532,0.05613913071084137,0.039102033745242175,10.677083333333334,0.39332831945294827,6.942217714535031e-13,3.91402239733265e-13,0.8041691636683952,0.9003730364657938,1.2435130948682278,8,2
1.4529763954480722e-12,6.918387313092722e-13,1.3661941665723368e-12,7.595261684625703e-13,4.830602697560975e-13,6.387344367352541e-13,5.954134642782212e-13,2.334927829985806e-13,5.362979123911624e-13,2.1241507728811852e-13,9.145665089828056e-14,1.8776299728994963e-13,9.760768463075044e-14,6.710210153679682e-14,7.053014839730537e-14,0.4660051773250407,0.24359867643153213,0.19096370586056471,0.06812672667516818,0.03130517916680438,11.165364583333334,0.804635878535695,7.673591335157233e-13,3.5801061243811474e-13,0.7839257980280722,0.9402052073837484,1.2756245667745263,9,3
1.4287914522176222e-12,5.900049251582841e-13,1.4130834094261133e-12,7.197965659600662e-13,4.353692258250532e-13,6.033591717822131e-13,4.751306274327675e-13,1.6975399080951317e-13,4.233807916215899e-13,1.908535051689278e-13,8.543463326225267e-14,1.6068393996505142e-13,8.927375772183713e-14,7.065016137258938e-14,6.804414189042664e-14,0.49203390165374494,0.2478768417858333,0.16362106313562189,0.06572435371642862,0.030743265757217204,10.514322916666666,1.3504211271283555,5.647831626859692e-13,2.220477921093898e-13,0.6600886274739673,1.080798669807704,1.5149392598631266,9,2
1.666717683916249e-12,5.775197854848335e-13,1.75949999086892e-12,7.027352842075176e-13,2.6302050101300586e-13,6.969858616397379e-13,6.185971186413321e-13,3.138206233938506e-13,5.177174388521418e-13,1.8384617672685793e-13,9.365105147826215e-14,1.6048734026183087e-13,7.973542753144251e-14,8.377050767113045e-14,4.930619641113373e-14,0.512578602988706,0.21611762671383564,0.19024196475852942,0.05653963916075113,0.024521653815264683,10.595703125,0.5588634346806444,7.507052346854214e-13,4.3509045520008326e-13,0.8802683818914252,0.8757426583195274,1.1360114195142292,8,1
1.2894071955704059e-12,5.663198327569265e-13,1.3152789569075912e-12,4.0096570602993593e-13,2.194061830000416e-13,3.60451834049131e-13,7.443916039195914e-13,2.469538033887501e-13,7.403975092703942e-13,1.4805189506785004e-13,5.659481649595798e-14,1.4156795959588447e-13,6.515597976959377e-14,4.945703092798479e-14,5.058237382508112e-14,0.48694102459936156,0.15142357852055455,0.28111740927226403,0.05591138449194389,0.024605973703866198,11.62109375,0.29296875,1.2575321007125232e-12,4.865665073335517e-13,1.8564892173479797,0.44928889915163855,0.5386476770728319,10,1
1.2394134450010247e-12,7.817811728430808e-13,1.03837436128339e-12,4.97154310363725e-13,3.0711773917185976e-13,4.047276221498075e-13,1.3986989863589117e-12,1.6077617263137621e-12,9.18792285604045e-13,1.7609280768517453e-13,1.0154008154258152e-13,1.5832631701909447e-13,6.08590724823526e-14,5.751297621845722e-14,4.3841291237008936e-14,0.36753632294023875,0.14742640391868803,0.4147709421904557,0.05221865495640008,0.018047181759996842,10.758463541666666,0.12501864824004896,2.7919973286618614e-12,3.5008385463365098e-12,2.813400725288691,0.31569492937781435,0.3554401074227806,11,1
1.2413294587716969e-12,5.951036334682343e-13,1.1804222569077663e-12,4.094008473423508e-13,2.5834814191314573e-13,3.121358524234497e-13,4.930196471839811e-13,1.546720796883583e-13,5.004456611038854e-13,1.2791324369013112e-13,5.884059324979823e-14,1.0832233276439285e-13,5.021156559954341e-14,3.27182378065091e-14,4.009814842460492e-14,0.5346233947386804,0.17632327120604893,0.21233672945390367,0.05509046135207471,0.02162542543905662,11.295572916666666,0.48392150870177425,6.914513003431374e-13,2.221664293690856e-13,1.204241865434959,0.6593301055167381,0.830391781939009,10,2
1.4837980760813756e-12,7.619918007471608e-13,1.2506505403884905e-12,6.692089556453913e-13,4.815036671951238e-13,5.254153557539435e-13,6.55282091108181e-13,5.421840781632317e-13,4.87190973124166e-13,1.927549220493516e-13,1.0633099807073849e-13,1.7488854320513475e-13,1.295655605380487e-13,1.3261075940797844e-13,9.103421538565718e-14,0.47396433064372673,0.21376303139636918,0.20931442269768616,0.061571017701194455,0.04138666518363084,10.7421875,0.0,1.0604346799361955e-12,1.0704062125875857e-12,0.9791866256459659,0.7891255099167411,1.0212506379187996,11,2
1.3721664545949578e-12,6.377098962757177e-13,1.1410153505770425e-12,6.273534568164731e-13,3.600615699718726e-13,4.9313841127636e-13,8.985139736827984e-13,7.470536954921581e-13,6.327682660498546e-13,2.430345317577475e-13,2.02092456963149e-13,2.0618546281484896e-13,1.901664751766028e-13,3.066246061096085e-13,1.0597978486309911e-13,0.41190904050728766,0.1883244992550725,0.26972385714772584,0.07295625137259464,0.05708585140260522,10.758463541666666,0.12501864824004896,1.5622144098415005e-12,1.5882292062863696e-12,1.432225449429913,0.5495627543539567,0.6982109477498608,11,3
1.0882555528094696e-12,5.510019525610626e-13,9.835695429483545e-13,3.80453199051852e-13,2.3296791993324367e-13,2.8787859148300114e-13,7.862682096840044e-13,2.940017799001777e-13,8.040812967721583e-13,1.4483839322021136e-13,5.806431826522912e-14,1.3282539331178544e-13,4.8433097292027225e-14,2.840439488528646e-14,4.0277356177618346e-14,0.4445034208255459,0.15539801107008788,0.3211551808659665,0.059159965770035704,0.019782740710032286,11.555989583333334,0.3639433557128564,1.2092124384911002e-12,5.167528228699439e-13,2.0666530527847913,0.4086025347269126,0.4838710098085615,10,3
1.4414652364443574e-12,4.920552227573252e-13,1.4476858311381948e-12,5.273629667288603e-13,2.1512090253227247e-13,5.031970150939427e-13,4.788906496961467e-13,2.1130667716788954e-13,4.547396747410327e-13,1.202370825276439e-13,3.557120069613836e-14,1.1739987711813037e-13,3.6109297315922615e-14,1.2728514299895732e-14,3.15122833470606e-14,0.5535438574131014,0.20251513770806,0.18390105485010355,0.0461728086003818,0.013866501403833139,11.018880208333334,1.1289285894439998,6.987279844739937e-13,5.244504709448182e-13,0.9080826042746319,0.8802154721592649,1.1012140907462904,12,2
1.945037865735473e-12,5.908219362100134e-13,1.82073084079129e-12,2.08000436594241e-12,4.991017707204192e-13,2.013120966122578e-12,2.9898274876460828e-12,8.331322308584418e-13,2.981094667391385e-12,1.9103003308079807e-13,5.4449747135056167e-14,1.8809831200325612e-13,3.97006978019347e-14,2.4287636935237195e-14,3.07556101801585e-14,0.26844392424004637,0.28707129268091486,0.4126403077921505,0.026364963187246016,0.005479282075050848,9.5703125,0.956831930774679,4.501232025549423e-12,1.0315750288956441e-12,1.43741289245001,0.6539127460234423,0.6956933853367704,13,1
2.4011214816011467e-12,1.2251732441879614e-12,2.191859909240337e-12,1.0989138151970387e-12,5.919923006063741e-13,9.243032952624277e-13,1.0654635011457061e-12,7.297495496333633e-13,7.424526503604998e-13,1.6354522242216583e-13,7.467809799308773e-14,1.4474571380587036e-13,7.545681094311928e-14,7.943717420934885e-14,4.507546784661149e-14,0.49976485236770074,0.2287258286700893,0.22176354400785311,0.03403999113145807,0.0157054369260729,10.660807291666666,0.32347993024661126,1.3537406885421565e-12,9.921529337708523e-13,0.9695590959722702,0.89414526022626,1.031393468688745,14,1
1.4672238748255114e-12,6.689420086788643e-13,1.3570716354293833e-12,6.272002272693917e-13,3.6755405560762135e-13,5.096569053975067e-13,3.1392729841744376e-13,1.665218705185273e-13,2.6326572472332394e-13,1.4534266055578176e-13,7.623006405996453e-14,1.211348197232293e-13,4.5657857449547494e-14,2.596516401027242e-14,3.6390178420583397e-14,0.5644572108959381,0.24129084663366857,0.1207712949122235,0.05591492491987167,0.01756508145324504,9.309895833333334,0.8637043724883855,3.601453446819721e-13,1.9712668950724084e-13,0.5005203291835847,1.365641141874438,1.9979049308220003,15,1
2.2530475294780284e-12,1.0751137995026977e-12,1.979227991360877e-12,7.800960866965532e-13,2.825052998336383e-13,7.14901143028544e-13,1.0581227668314702e-12,3.5355765856023883e-13,9.87356702609988e-13,2.484451387198324e-13,4.9160256430225736e-14,2.3599332705783385e-13,7.343342258781295e-14,4.4919398772309e-14,5.755261424724157e-14,0.5105308588371422,0.1767664107862616,0.23976605812250873,0.05629659755732458,0.016639697037280163,10.367838541666666,0.47480312974657624,1.3311785433465313e-12,4.501728851632579e-13,1.356397659485118,0.5970566767235362,0.7372441860335576,16,1
1.4227696661102334e-12,4.1811134581788574e-13,1.4237431284738738e-12,5.104237482941142e-13,1.9217770403057312e-13,4.83526725723415e-13,4.588607906792577e-13,2.1095311944447594e-13,4.130106920362691e-13,1.1238102700989499e-13,2.946326780589335e-14,1.101090021283344e-13,4.244636286899542e-14,1.8053842464528067e-14,3.58256986337109e-14,0.5586316764279693,0.2004111283717071,0.18016561559470085,0.0441249226860945,0.01666600252492287,11.051432291666666,1.0770509932659962,6.369756777893943e-13,4.640793851955921e-13,0.898977161461513,0.8935309763221364,1.1123676389792752,12,3
1.6315729178942606e-12,5.629137254704174e-13,1.6347762998655887e-12,6.449436681773184e-13,3.8190247793821635e-13,5.7583648232074e-13,4.939174336805879e-13,2.2029503391641003e-13,4.624947174195467e-13,1.383529041271893e-13,6.876050544158497e-14,1.2123327878717618e-13,4.5454674303539946e-14,2.495104545212656e-14,3.642416699161456e-14,0.5522811669936545,0.21831095490714794,0.167189154514579,0.046831926731746173,0.015386232692606175,10.856119791666666,1.0711317307143813,5.856463853314688e-13,2.7868384112290914e-13,0.7658283686943306,1.020041475208771,1.305767822552083,12,1
2.659838751938272e-12,9.942940446277874e-13,2.5405698818594957e-12,3.1237200676073948e-12,1.1096848296763799e-12,3.0823143254542503e-12,2.943298628709567e-12,9.603671190367843e-13,2.852183752330562e-12,2.2974874098179286e-13,9.810508956643253e-14,2.1592645298518637e-13,8.449331668219738e-14,8.793010812740725e-14,5.41111235806533e-14,0.2941941143190988,0.34550216925777005,0.32554647631132955,0.025411588322717685,0.009345467445757052,9.375,0.8950343154210625,4.536953907623585e-12,1.400599125041886e-12,0.9422409801792336,0.9844537641286341,1.0612984589151813,13,2
1.6928285818114922e-12,8.720689891804956e-13,1.4249270084270188e-12,5.957216947576381e-13,2.6981630671172626e-13,4.900124566164271e-13,8.089573532260255e-13,2.845778627571595e-13,7.552860387453274e-13,2.5986576312575846e-13,8.829295612816508e-14,2.4854384493343996e-13,1.0860309877165515e-13,1.0255462976176006e-13,6.660853317908239e-14,0.4884129398590505,0.171876932727022,0.23339943769552743,0.07497616870406841,0.03133404014959717,10.7421875,0.17829510335454626,1.036536553777164e-12,3.879993280186258e-13,1.357941295590462,0.5573614162232188,0.7364052814896115,16,3
1.411294503242813e-12,6.768147884476192e-13,1.379595265758203e-12,7.004288597822016e-13,5.044970143886646e-13,5.603873763314379e-13,3.749465988073549e-13,2.5553113802935593e-13,2.9697380509340326e-13,1.6254589910365495e-13,7.931863742939188e-14,1.4187230839149073e-13,6.81586614409869e-14,4.3428010104189495e-14,5.3078294236424697e-14,0.5193592660939184,0.2577592541681549,0.13798111587167078,0.05981722359937933,0.02508252693013177,9.212239583333334,0.8979892073003725,4.641030778476216e-13,3.35415657626427e-13,0.5353087631807065,1.303137607703234,1.8680680090537216,15,3
3.025957629920658e-12,1.4121944985479788e-12,3.320018120174042e-12,1.6688683439654072e-12,9.494686124531296e-13,1.3846987611687665e-12,1.0168860509691641e-12,6.060257448679124e-13,9.324173148734476e-13,1.9329039621310193e-13,7.898499905602973e-14,1.9569133783414488e-13,8.013285597145173e-14,6.039553024076552e-14,5.826036127328101e-14,0.5055786790480279,0.2788354484888223,0.16990188537598125,0.03229506660099942,0.013388642018578006,9.1796875,0.6477782793662891,1.219436239470533e-12,7.405815508298026e-13,0.6093260975934398,1.379027041447333,1.6411530152467282,14,2
2.7732904556210744e-12,1.341046932081449e-12,2.6238298105942563e-12,1.5039079421857954e-12,8.385179748922697e-13,1.3045221945687279e-12,1.0021800152660212e-12,6.228181509227974e-13,7.762246891633355e-13,1.9618977450925232e-13,9.307518869937251e-14,1.7070722946778578e-13,9.158257527825177e-14,8.041162896140814e-14,5.490052088491023e-14,0.4981524200616632,0.2701395302577613,0.18001662931854692,0.03524059687475072,0.016450524112204313,9.5703125,0.7522278651231343,1.1673365595756693e-12,7.242511897118879e-13,0.6663831452149049,1.2549597490005455,1.5006340360218298,14,3
1.3139548951408881e-12,6.99742175737672e-13,1.2140758015861992e-12,7.763045653508503e-13,6.310942402315935e-13,6.09068461642339e-13,3.861818922848987e-13,2.905032239637046e-13,3.0970018191692163e-13,1.5653679171536447e-13,7.646687702189618e-14,1.3726660156559545e-13,7.707797134534602e-14,5.877443889666491e-14,5.415564193097488e-14,0.48484386702885435,0.28645314146533346,0.14249950491021557,0.05776142218293555,0.0284414494196239,9.147135416666666,0.9258764748260345,4.882201251715589e-13,3.8417357345155274e-13,0.4974607652978171,1.4303951646494866,2.010195792535573,15,2
2.046468143821471e-12,2.4078989466667688e-12,1.6360909080895779e-12,6.529049329961688e-13,2.85371242632386e-13,5.770933155495795e-13,8.207801851791718e-13,2.571712336994988e-13,7.726118720578835e-13,2.3369946730630215e-13,6.144936602056267e-14,2.3169741439797095e-13,8.150481455183776e-14,6.53277161554931e-14,5.099455509462047e-14,0.5335792637642267,0.17023305958019305,0.2140034714160564,0.06093287603027891,0.02125089465629294,10.7421875,0.25214735326871207,1.0482453126498778e-12,3.5795306870598455e-13,1.2571173052976141,0.6191716449952278,0.7954670678059768,16,2
2.207603282427013e-12,6.793836178210473e-13,2.114809163717461e-12,2.893627998320178e-12,9.797968915996745e-13,2.8644425645562867e-12,2.704393633349029e-12,8.004644416793659e-13,2.5652030966719953e-12,2.2661057599322403e-13,8.400453428078171e-14,2.114543654950374e-13,8.216440781112282e-14,5.926038930159524e-14,6.156154655813655e-14,0.2720599005189548,0.3566039929494793,0.3332831893799999,0.027926960995220337,0.010125750760217015,9.212239583333334,0.804635878535695,4.330439305861227e-12,1.2587171024104355e-12,0.9346025395275743,0.9872474231475651,1.0699722774637952,13,3
1.8924178493660825e-12,9.419481773016339e-13,1.7144856153173265e-12,1.1403059086553734e-12,8.031748109508107e-13,8.157009177015556e-13,1.0725724667400288e-12,3.9536590101342834e-13,1.0167446483522324e-12,2.009658276477686e-13,9.876612932244705e-14,1.617757361331466e-13,6.461258549960332e-14,5.916781454183702e-14,4.0869278484699715e-14,0.43296074230814097,0.2608872521653559,0.24539071618595976,0.045978383656703675,0.014782524372049955,9.407552083333334,0.47060000959638537,1.7415858190808606e-12,6.905047907005316e-13,0.9405992645774699,0.8953829039736014,1.0631488054196767,17,3
1.4759904490033394e-12,2.30102602590948e-12,1.1046777067305291e-12,4.13192048699079e-13,1.971870700559758e-13,3.4866003782754234e-13,6.659389197352572e-13,3.671049825930053e-13,5.238586805799819e-13,1.8612826209705471e-13,1.210167168980602e-13,1.3785428623184547e-13,1.3727331169086736e-13,1.4463294257501248e-13,7.474251774016869e-14,0.5127593557194332,0.14354299434823312,0.23134730422037658,0.06466099277167317,0.047688773939974755,11.018880208333334,0.4400555284699145,9.208336965249061e-13,5.796249215938433e-13,1.6116869520771624,0.484928007199144,0.620463832864663,18,3
1.5340106914364227e-12,7.501339004604877e-13,1.4516409776524692e-12,9.249915656407953e-13,6.318613147370727e-13,7.061401618421512e-13,8.483402472870478e-13,4.989707845326566e-13,6.876971718546148e-13,4.176097837702505e-13,2.1489146487848918e-13,3.3864365021258193e-13,8.317680489735413e-14,5.456931622609273e-14,6.826772678683664e-14,0.40282510980737946,0.2428991082527902,0.2227707767456506,0.10966266919975975,0.021841898334378267,10.611979166666666,1.3397861736495233,1.0070555767325036e-12,6.842681892690892e-13,0.9171313017834759,0.7306689246547269,1.0903523101079065,19,2
1.5573103572663646e-12,8.081409116049887e-13,1.4023633218573379e-12,9.149511834426174e-13,5.927397628602225e-13,7.47755028580346e-13,1.0042527359241111e-12,6.987917241712761e-13,8.308733738460835e-13,4.375010111734703e-13,2.129196967228274e-13,3.7376666466024606e-13,1.1463762215373235e-13,7.989827684687194e-14,9.188084267655329e-14,0.386558422333205,0.2271108545147772,0.24927744903980653,0.10859730037708347,0.028455560032082473,10.83984375,1.3065515781503567,1.2409718979293935e-12,1.0719017545598587e-12,1.097600532971902,0.6346091540268894,0.9110751031633262,19,3
1.041718044031547e-12,6.117007778215068e-13,8.855547235381521e-13,4.207746547096335e-13,2.1590912753200312e-13,3.60819834845899e-13,6.418061859055749e-13,3.2876353040205063e-13,5.246671746315134e-13,1.5602524220360957e-13,8.165142562867966e-14,1.331148017339739e-13,9.730215580142941e-14,9.528820728257333e-14,5.79967251392906e-14,0.44185005710196346,0.1784737302725268,0.2722253891209201,0.06617890759596445,0.04127120898340103,11.083984375,0.46579062569186797,8.971044286775122e-13,5.478619847646081e-13,1.525290643271744,0.5273968421024812,0.6556084551213422,18,2
2.0033042867939034e-12,1.0088175574041138e-12,1.840487324209123e-12,1.279067504577527e-12,9.526380204974107e-13,8.946218212197924e-13,9.65647477865981e-13,3.955292883028924e-13,8.394728272669813e-13,2.0183591165041313e-13,1.0082428602962775e-13,1.6326287268484387e-13,7.066996505020309e-14,5.976531844389525e-14,5.3450636835469383e-14,0.4431572623810221,0.28294655857610945,0.21361392552156602,0.044648758876427684,0.01563312595628287,9.635416666666666,0.33196741624953024,1.5462613331847765e-12,6.485183568762476e-13,0.7549611073235885,1.095575054946973,1.3245675324411605,17,2
1.7815425270038559e-12,1.2090315467228827e-12,1.5813543063782782e-12,8.157923393487106e-13,5.764877968524038e-13,6.078661447465254e-13,7.581058123799435e-13,4.67600253354934e-13,6.245485801962107e-13,4.5334306837908383e-13,2.5104641750383653e-13,3.555398021956872e-13,1.0709846367811911e-13,7.07742647443904e-14,8.31646487360023e-14,0.45495284915370965,0.20832904265757252,0.1935976234495448,0.11577030437214077,0.027349754750053135,11.279296875,0.8990211249766586,8.921854893063656e-13,5.835767189499021e-13,0.9292858329307873,0.6734012717912848,1.0760906097043712,19,1
1.4383068635722557e-12,1.930260983939503e-12,1.1303003924006073e-12,4.803995105578487e-13,2.414114248743995e-13,4.393620424340712e-13,1.0179737532369965e-12,5.388998322231016e-13,8.5148731846089e-13,2.073931897359688e-13,1.4371282552899027e-13,1.6132488688691927e-13,1.494141340654413e-13,1.859322346446839e-13,7.677086339480177e-14,0.4367121955203726,0.14586339695381081,0.3090867213510377,0.0629706619077245,0.04536651821811749,10.823567708333334,0.26990761640262045,1.4758634893178125e-12,9.081696358223086e-13,2.119007615922737,0.3920448971670076,0.47191661131003687,18,1
2.014938624900695e-12,1.0291692472546642e-12,1.7532687858715687e-12,9.822308417328714e-13,6.359386553912652e-13,7.414559703301614e-13,7.465690226809179e-13,3.5338038296438304e-13,6.752302399224309e-13,1.900277665729596e-13,9.420195295860375e-14,1.5943524073490794e-13,6.227145098680591e-14,4.722537969322829e-14,4.4757151192415145e-14,0.50423392678317,0.24580109201038985,0.18682724390159808,0.04755402757820547,0.015583292646995811,9.293619791666666,0.5493013356343166,1.0452390493936384e-12,4.378796643406214e-13,0.7600736244185063,1.0487213976532526,1.315656850379736,17,1
2.5308258408896287e-12,1.4547080119389504e-12,2.1702573487679304e-12,1.5576713942499814e-12,1.056640082342256e-12,1.1710023520831476e-12,1.394621216859904e-12,7.886227554730765e-13,1.165192610515544e-12,3.664909688448612e-13,1.2694461166916765e-13,3.253474759246412e-13,8.24437949584002e-14,6.040091987871526e-14,6.804328853556917e-14,0.42663560790187377,0.2625854657638538,0.2350991763379202,0.061781452819650154,0.013898016217287567,9.928385416666666,0.8944421656272192,1.6034648774990993e-12,9.207824180428486e-13,0.8953234487082979,0.8844808029602943,1.116912258252289,20,2
1.0896662304724096e-12,4.3559584560847087e-13,1.0815423753759463e-12,5.507719456834973e-13,2.5957705436603876e-13,5.523174236588069e-13,3.586651754435123e-13,2.0454355343010579e-13,3.051470646581332e-13,1.662870679881956e-13,1.3150037760190607e-13,1.2883392171110157e-13,9.007965507112467e-14,9.311148159775457e-14,5.352023155997887e-14,0.4831212071990217,0.24419368045810302,0.15902002621976824,0.07372607022355272,0.03993827695583996,9.651692708333334,0.9280198756607051,4.080352482481574e-13,2.2690151373427195e-13,0.6512025402108129,1.0491815282989023,1.5356087628370885,21,2
1.1030859361160747e-12,8.86763167504918e-13,8.995909251207505e-13,5.486653221273347e-13,3.011281330662891e-13,4.602568534327966e-13,5.346121771949634e-13,2.297044829906447e-13,4.506407241120609e-13,3.0543197300331406e-13,1.7834815513175934e-13,2.609368491592432e-13,1.0159253514389039e-13,1.2903006244214582e-13,6.034792733894151e-14,0.42534524382889916,0.21156301388666746,0.20614418099059348,0.11777326931359396,0.03917364932066997,10.3515625,0.9634536840461421,6.009386615525393e-13,2.578183894879566e-13,0.9743837120036487,0.6531373778813124,1.0262834163893098,22,1
1.0976817633304453e-12,4.221020080825132e-13,1.0782475240495698e-12,5.15990557137027e-13,2.2691919076956508e-13,5.104356146858679e-13,3.7067242001030964e-13,1.9744580708182957e-13,3.2562985064055537e-13,1.4382797455243685e-13,9.677546402516155e-14,1.2123266250396258e-13,7.492671728964113e-14,6.840792239131473e-14,5.044513205260489e-14,0.49824393616589024,0.23421102071729427,0.16825029962575339,0.06528432790424406,0.034009659077429095,9.586588541666666,0.845571302595087,4.164116312889787e-13,2.1474929451193368e-13,0.7183682290361992,1.002893080552597,1.3920329898504256,21,3
2.5939908527753113e-12,1.3565414583293592e-12,2.2572113204917366e-12,1.4931809469136547e-12,8.389643049688137e-13,1.213685126140453e-12,1.5409166194848875e-12,7.98812915709176e-13,1.283769919419759e-12,3.6911937346733897e-13,1.3240070215014026e-13,3.2137354054496835e-13,5.051042866570545e-14,1.868632436409628e-14,4.583801713613822e-14,0.42892046933815436,0.24689981920012194,0.2547929877753001,0.06103446923878966,0.0083519788616781,9.912109375,0.662936583802614,1.833913842535039e-12,9.895867575697244e-13,1.0319679625723144,0.7817547153555007,0.9690202007030991,20,3
2.6990867879527628e-12,1.1403880009634013e-12,2.635196410058745e-12,9.772378839315364e-13,3.873198189253514e-13,1.0047808538210322e-12,7.567939146663371e-13,2.641656504235722e-13,6.659626070229321e-13,3.7329017651268354e-13,1.6510222930760645e-13,3.369286018806791e-13,8.602660232397007e-14,7.029942476676187e-14,6.2590315287125e-14,0.5516855444983877,0.19974460121385962,0.15468649053795136,0.07629943401764495,0.0175835890703031,11.002604166666666,0.560047217906421,9.538898821700426e-13,3.8801140707220893e-13,0.7744200633335774,0.8647466593990804,1.2912838130083293,23,1
2.6576520422937322e-12,9.647344479105442e-13,2.6355495683229886e-12,1.0237207109876705e-12,3.786771816183874e-13,9.928868361339795e-13,8.870600118688609e-13,2.2246685084371159e-13,8.308057806423474e-13,3.516050707751058e-13,1.4669268041926518e-13,3.052712040065959e-13,7.841635582547877e-14,6.954310498674562e-14,6.189839186759362e-14,0.5316946108102935,0.2048073925197721,0.17746680914967594,0.07034273798437066,0.015688116099579798,10.05859375,0.6502273553202532,1.1300298108488949e-12,3.0200916912970273e-13,0.8665044656944866,0.8264698407036527,1.154058095123393,23,3
2.6977852125568743e-12,1.4055956539178789e-12,2.4164978999347077e-12,1.1913939157636145e-12,7.450738072874221e-13,9.298907551425643e-13,1.384978891680504e-12,8.817943656857674e-13,1.0286830225064866e-12,3.27518090615845e-13,1.0809416939603824e-13,3.0005023405489075e-13,4.946287286285207e-14,1.8427973418095843e-14,4.3837298327701314e-14,0.47738773100382936,0.21082361765898697,0.24507952950076284,0.05795610318199437,0.008752723728716794,10.514322916666666,0.5456723507239651,1.6905522829678098e-12,1.1742705741233575e-12,1.1624844947429969,0.695705025218589,0.8602242887693805,20,1
1.1080900563310752e-12,5.009205606573203e-13,9.86704052756407e-13,4.711316394338483e-13,2.0856312197258415e-13,4.477089322936146e-13,3.7297309832345156e-13,1.8871844781390762e-13,3.056019239995492e-13,1.178670792765083e-13,6.86819303946456e-14,1.0348293436005206e-13,5.089980890009736e-14,4.1372141817899864e-14,3.82170822582274e-14,0.5224465839493326,0.22213096688877845,0.17585079841729576,0.05557242624483789,0.02399843869331178,9.9609375,0.6623369124145769,4.450883715858554e-13,2.356941505894164e-13,0.7916508841424996,0.9598440820337404,1.2631729641181775,21,1
1.0656144028606691e-12,6.474420145970824e-13,9.250162335437067e-13,4.705053826678619e-13,1.9886779321382404e-13,4.1553002859876493e-13,3.94658643024986e-13,1.440361437270824e-13,3.83774914188738e-13,2.2849520099512154e-13,7.4130920686442e-14,2.1472059614623322e-13,8.796577617213154e-14,6.213799784561369e-14,6.728160324366394e-14,0.4741878456896374,0.2093702311020881,0.1756191838402572,0.10167809933821274,0.0391438983796598,10.677083333333334,1.1536487725696192,4.23622642561639e-13,1.585954051018994e-13,0.8387943253627754,0.7550368641518103,1.1921781114383325,22,3
1.9555460987885187e-12,1.863599829174395e-12,1.247201611961244e-12,7.07866001203384e-13,3.6644279733134627e-13,6.092922966122041e-13,5.693093952330967e-13,2.1103344484530083e-13,5.145009311850665e-13,3.180716281509936e-13,1.35451042094218e-13,3.0379178796876506e-13,1.3966421951326866e-13,1.7231598639866101e-13,7.505289857574206e-14,0.5298923775402747,0.1918097449044858,0.1542651994667735,0.08618755209782618,0.037844674375633935,10.432942708333334,1.0917087459462242,6.255261233730501e-13,2.565952672351469e-13,0.804259639299714,0.7977009346022911,1.243372996901324,22,2
2.662169334847501e-12,1.0470227463063668e-12,2.602920901795589e-12,1.028745627066043e-12,4.0425383671584663e-13,9.776620326992894e-13,7.047703937003615e-13,2.026600055398927e-13,6.470126327928065e-13,3.260478846039889e-13,1.7396224373005866e-13,2.801056131403835e-13,8.46194814695325e-14,1.1130130985148867e-13,5.970725834736328e-14,0.5538853608668555,0.21403865465241542,0.1466330479933058,0.06783683812288382,0.01760575160137327,10.172526041666666,0.783112742429649,8.28310044977754e-13,1.9843372212972073e-13,0.6850763039610734,0.9979877010382909,1.4596855989584736,23,2
9.338498217739134e-13,5.229631169088027e-13,8.63469606384501e-13,3.5873025084609113e-13,2.1417324580356638e-13,2.9188944784854803e-13,3.371780555287987e-13,1.4638297220155285e-13,3.0399547454270294e-13,1.5784830477260523e-13,8.714264977393469e-14,1.2604850839174615e-13,8.822535792944466e-14,7.617589704007204e-14,5.5893295455857835e-14,0.49783194666426916,0.19123779321050985,0.1797483962009189,0.08414835770202216,0.04703261772833618,11.311848958333334,0.719651398744601,4.0121093237839764e-13,1.7061975497395596e-13,0.9399165200202946,0.7246665467473205,1.0639140708412258,24,1
1.1209229807145913e-12,4.3199787339657557e-13,1.1375197198327265e-12,5.718236729735753e-13,2.2304470481709954e-13,5.461274074489754e-13,8.293359170938154e-13,2.159674452545825e-13,7.877651759071919e-13,1.0191411839908061e-13,2.7738823670749998e-14,1.0018336381789339e-13,3.243976434952101e-14,2.1020335116023445e-14,2.4902637756483048e-14,0.42196464965325764,0.2152595494794041,0.3121984701199191,0.038364951031312974,0.012211752309559626,9.781901041666666,0.12501864824004896,1.3183146212253274e-12,4.423507215227943e-13,1.4503308258699827,0.6140377211096875,0.6894944642213653,25,2
2.1753528352971046e-12,6.761616215672832e-13,2.235173407244757e-12,1.136622863940178e-12,3.6689034429436427e-13,1.2235622382334036e-12,1.730841803659423e-12,6.835369133737041e-13,1.5453352608492678e-12,2.651818324816113e-13,6.718928032830793e-14,2.693992126451715e-13,7.180704074460764e-14,3.1142664996097814e-14,6.897472054526887e-14,0.4043551030064484,0.21127572859473354,0.3217292866014472,0.04929206216512264,0.013347509831851463,9.684244791666666,0.26990761640262045,2.2703362070882383e-12,1.0610212457311444e-12,1.522791174263435,0.569443113943171,0.6566872645774485,26,3
2.306362069963066e-12,7.536088844046549e-13,2.3642929375132812e-12,1.2670626150186664e-12,4.544371480210601e-13,1.3816478227447097e-12,1.6380870591299435e-12,6.378642511299238e-13,1.4663572169110374e-12,2.746272196943583e-13,7.398455632804598e-14,2.7678962895589037e-13,7.891607890390496e-14,4.5409465802414653e-14,7.168447944790218e-14,0.41443640027550105,0.22768188738917663,0.29435226713322044,0.0493485033551656,0.014180642359122534,9.651692708333334,0.5071756657188438,2.1111587832639707e-12,9.69189124360078e-13,1.2928208006551252,0.6624416019564412,0.7735006016859606,26,2
1.0863472622182038e-12,4.1769660792102054e-13,1.0874544214980302e-12,5.671474116638398e-13,2.2034778364750033e-13,5.277888672058154e-13,8.759390264753264e-13,2.284377381828856e-13,8.513666636009561e-13,9.356918129516735e-14,2.3108560924437954e-14,9.497903962700471e-14,2.6822818982040433e-14,1.624188197219743e-14,2.0705965304015073e-14,0.4099690702963077,0.21403183417245006,0.3305645632935852,0.035311425359178875,0.010122477906686626,9.716796875,0.2776484718299476,1.4012820379666844e-12,4.750131732404825e-13,1.54445993115918,0.5849836361832743,0.647472387233759,25,3
1.207977814829168e-12,5.935753289156012e-13,1.067549703655246e-12,4.922913977458756e-13,2.580496646422942e-13,4.463001435838854e-13,4.4313671272379657e-13,1.6818917049499684e-13,4.257149124452725e-13,2.0390706588719526e-13,1.0679550998891708e-13,1.7611824958362352e-13,1.2436886120328085e-13,1.0683468826518998e-13,9.168480165193126e-14,0.4887267344366702,0.1991725048738836,0.1792853774794942,0.0824972389527742,0.050317469952941785,11.100260416666666,0.8908810015236985,5.048772601918875e-13,1.7998181137150483e-13,0.9001481937443007,0.7608297088539504,1.1109202466801056,24,2
1.2763553145051276e-12,5.908167526183238e-13,1.2432721204505073e-12,5.982354799833926e-13,2.1879012273327205e-13,5.532744239435513e-13,7.813768400089686e-13,2.1673579947524916e-13,7.637762465379729e-13,9.864579535740706e-14,2.7846260186074242e-14,9.29179073354821e-14,2.9097209937956065e-14,2.1610732572512596e-14,2.0590360845513073e-14,0.4585083420953322,0.21490564186363847,0.28069597500999205,0.035436778121252864,0.010452664188909491,9.66796875,0.4256737249551439,1.1981875211413795e-12,4.684750320454695e-13,1.3061322660828307,0.6797942722733247,0.7656154794026491,25,1
2.093445831735576e-12,7.127962885355029e-13,1.953137471760989e-12,9.768470524653388e-13,3.101935808787129e-13,1.0208021584820292e-12,1.4397428295841236e-12,4.980365845130208e-13,1.3230602118804986e-12,2.5964120829146825e-13,6.500246922058239e-14,2.522400863525798e-13,6.299888600482585e-14,3.406006619571712e-14,5.098854669105252e-14,0.4331855048623411,0.2021337152271426,0.2979182527919885,0.0537261610459546,0.013036021198189092,9.944661458333334,0.37787066296366867,1.8108216972560776e-12,6.455000672362546e-13,1.4738646848648476,0.5748236258868963,0.6784863946409427,26,1
1.0859447575492483e-12,6.541096079344491e-13,9.267176795108245e-13,4.0537770848344135e-13,2.3780349084824314e-13,3.427028511362153e-13,2.9593438742529433e-13,1.34984510856806e-13,2.6250720999436316e-13,1.504942300583246e-13,8.301447539802231e-14,1.2490806476081132e-13,8.87365958809039e-14,6.958716755350886e-14,5.692897430268932e-14,0.5358748910565537,0.20003939782403518,0.14603303392642944,0.07426351900178244,0.04378833575081955,11.100260416666666,1.127167297733124,3.344052978256528e-13,1.4188864540019896e-13,0.7300183619744165,0.9080425833005891,1.3698152113546522,24,3
3.849809906297326e-12,2.152131491146819e-12,3.4086994793449858e-12,2.5356037657986933e-12,1.0454431605382663e-12,2.235485574049458e-12,3.6119967211087018e-12,1.1061272017205608e-12,3.4445426396205547e-12,7.383235366224322e-13,2.551287989030744e-13,7.141965179358687e-13,1.7232381694586408e-13,1.2037326028672346e-13,1.3434633210968828e-13,0.3529326125189622,0.23245232444137653,0.33113100911958776,0.06768605749550216,0.015797843632346376,9.619140625,0.957247132326342,4.704463555361925e-12,1.5171909113835851e-12,1.424510562590478,0.5828542829390005,0.7019947113986318,27,2
2.136581774882307e-12,1.2768701269541232e-12,1.6923569608874208e-12,1.2470905225348022e-12,7.720449017259812e-13,1.0251699079754878e-12,1.2906606045289524e-12,5.289919944941971e-13,1.15862876170049e-12,3.954251130568543e-13,2.4340667393395823e-13,3.4691304004063786e-13,2.2854641303432754e-13,2.4127866777257266e-13,1.5892522351385318e-13,0.4032575197982605,0.23537532566896632,0.2435987240939275,0.07463236475750504,0.04313575111539485,11.588541666666666,0.5768243862848096,2.1454625289140138e-12,1.1302637209194702e-12,1.034936002089293,0.7396357592033698,0.9662407822454949,28,3
4.646106658836826e-12,2.228944362778095e-12,4.297538492306262e-12,1.9052974033988234e-12,8.626695725208741e-13,1.8342776928092446e-12,3.7186556199489635e-12,2.8143200806045906e-12,2.645535310487189e-12,8.436548697610601e-13,3.506003410674409e-13,7.618958183660501e-13,1.8085336051191868e-13,1.6253388411983736e-13,1.2975987319466945e-13,0.411357566686226,0.16869145743458722,0.3292427917591611,0.0746956193284591,0.01601241722802698,10.026041666666666,0.5877431668381442,4.695468241637086e-12,3.8085670706370804e-12,1.9517437857255362,0.4176166246616448,0.5123616554438779,29,1
9.49150685749355e-13,4.1834786906451317e-13,9.145370266404916e-13,4.82073384891974e-13,2.3485166477727715e-13,4.952160395459876e-13,2.496026232334147e-13,1.4748350271692412e-13,2.2502170907809766e-13,1.1294716719182381e-13,6.87083457818168e-14,9.634107224791106e-14,3.497937375204897e-14,2.3134286042204822e-14,2.888005753461219e-14,0.5190147050205969,0.2636074328497724,0.13648773984457502,0.061761785081253955,0.019127425836911946,9.781901041666666,1.3635981840189773,2.881575173792506e-13,1.5831959525878508e-13,0.5177671452326807,1.3296688662039233,1.9313505592590248,30,1
1.949980472290962e-12,1.0030906272811356e-12,1.5922464989907165e-12,1.2641412217766777e-12,9.28501881404208e-13,9.648410096638103e-13,1.1326948518984771e-12,4.88032845512796e-13,1.0125367638385396e-12,3.249892362472292e-13,1.5458121051013346e-13,3.0731742486782576e-13,1.6225893666712762e-13,1.3833050766680145e-13,1.2239292992368563e-13,0.4033830561617856,0.2615067979943757,0.23431512138207303,0.06722895598183753,0.03356572370463267,11.42578125,0.87890625,1.800859921216199e-12,9.057253223888886e-13,0.8960180548049189,0.8672247894330233,1.116045826094745,28,2
3.4843173406492736e-12,1.3188510584325354e-12,3.354594285791723e-12,2.4645664505993104e-12,9.587697981165736e-13,2.161609325704629e-12,4.59913463852799e-12,1.5805354470446937e-12,4.306732411949141e-12,8.037157597451709e-13,3.2951264907706747e-13,7.528019291045414e-13,1.9196846147804974e-13,1.8059179330361872e-13,1.2786188725671065e-13,0.3018370225679535,0.21349875072835525,0.39841064115697106,0.06962373061783694,0.01662971055004082,10.172526041666666,0.8604778572842644,6.332323240265835e-12,2.738349798608711e-12,1.866101653392301,0.4561602688684312,0.5358759312733609,27,3
4.201140838141831e-12,2.8236254335379417e-12,3.480047499679775e-12,2.0555266551665203e-12,8.232436544760279e-13,1.8558575890653036e-12,3.399203782305999e-12,1.0062006624553497e-12,3.2026569633426235e-12,7.635194004009522e-13,2.634452020554605e-13,7.551966585657034e-13,1.9850031479327425e-13,1.695943773225068e-13,1.372257070083079e-13,0.395666162172409,0.193590830259466,0.32013921141996854,0.07190875110829235,0.018694888072119036,9.716796875,0.881163911695258,4.24735004274945e-12,1.3872130611411859e-12,1.6536886143580247,0.4937935437831842,0.6047079783858776,27,1
5.759602963556024e-12,3.2116626923268202e-12,5.027909285335195e-12,2.3727059602684933e-12,1.0842444848142663e-12,2.142056458224798e-12,4.0623239938638e-12,2.8753586614267893e-12,2.7158917285541954e-12,8.143739761239947e-13,2.872714440210709e-13,7.25498345154927e-13,1.281048103155753e-13,8.868547563634547e-14,1.0080517760092148e-13,0.43842226225742575,0.18061090692444778,0.30922500850870743,0.061990328707556865,0.009751366734823826,9.749348958333334,0.41782218922504677,5.3736312566816636e-12,4.0960230380204076e-12,1.712104748072617,0.4865392862079629,0.5840757631328506,29,2
1.3219444932225684e-12,6.825018756908529e-13,1.2374495565074891e-12,6.23702385004536e-13,3.2431526307142496e-13,6.149888483113186e-13,2.810260525706341e-13,1.610351844566863e-13,2.4798856593128656e-13,1.0961674379991383e-13,5.950908474092007e-14,8.968703897401725e-14,3.2194988492202786e-14,2.34531458123629e-14,2.8298212031618558e-14,0.5581389584623285,0.26333374914122976,0.11865217419241904,0.046281349578733824,0.013593064940979583,8.837890625,0.37505594472014686,3.293409271928265e-13,1.855113440589766e-13,0.45057596117522464,1.59659855448948,2.2193625123430603,30,2
1.0637080166257774e-12,5.093929620502101e-13,9.791739855789789e-13,5.43941558784706e-13,3.0662019169171596e-13,5.196420772188799e-13,2.5607010511119994e-13,1.5962000778055084e-13,2.1860654433074674e-13,1.0537798060651608e-13,6.062336649289921e-14,8.655805216362015e-14,3.477508502044261e-14,2.898556355951209e-14,3.2648653438135544e-14,0.5308256893860623,0.2714449345258641,0.1277875017883175,0.05258711820091914,0.017353924376720772,8.984375,0.7307924583542854,2.9851644274985093e-13,1.8045298982198586e-13,0.47076623649225335,1.5048884532261426,2.124176183138829,30,3
6.210280556447853e-12,3.16796587427502e-12,5.576813722705259e-12,2.4616313956056796e-12,1.06835701256185e-12,2.3126891432874498e-12,4.199494543071302e-12,2.846845346518711e-12,2.9087304058185226e-12,7.946572569337729e-13,2.767724044306362e-13,7.269586359588561e-13,1.2806357981959034e-13,7.568852359589722e-14,1.0737777657509749e-13,0.45021186601219776,0.1784550076242839,0.3044407184762666,0.05760836780760865,0.009283919255293299,9.716796875,0.4152783470759464,5.491659304287533e-12,4.078656499744234e-12,1.7059790947050113,0.49290263345595325,0.5861730247303343,29,3
1.8261713993535972e-12,8.275448631736734e-13,1.4900109476574255e-12,1.0609880114195967e-12,5.975694345635181e-13,8.513342819499444e-13,7.819127979716842e-13,3.363013927460983e-13,6.966427580264032e-13,3.50938623315808e-13,2.294456376746876e-13,3.044795918891839e-13,2.2394460665781593e-13,2.293869935716558e-13,1.6302164636653322e-13,0.43029921226969126,0.2499997019463995,0.18424144696927142,0.08269136906932942,0.05276787703006046,10.530598958333334,1.4273819436958766,9.920053985847185e-13,4.3971950932683666e-13,0.736965508827609,0.9365627570788152,1.356910582170036,28,1
