strategy,model,feature_set,fold,n_train,n_test,accuracy,balanced_accuracy,precision,recall,f1,roc_auc
loso,logreg,all,A01,142,3,0.3333333333333333,,0.0,0.0,0.0,
loso,logreg,all,A03,142,3,0.6666666666666666,,0.0,0.0,0.0,
loso,logreg,all,A04,142,3,0.0,0.0,0.0,0.0,0.0,0.0
loso,logreg,all,A05,142,3,0.3333333333333333,,0.0,0.0,0.0,
loso,logreg,all,A06,142,3,0.3333333333333333,0.5,0.0,0.0,0.0,1.0
loso,logreg,all,A07,142,3,0.3333333333333333,0.5,0.0,0.0,0.0,0.5
loso,logreg,all,A08,142,3,0.6666666666666666,,0.0,0.0,0.0,
loso,logreg,all,A09,142,3,0.0,0.0,0.0,0.0,0.0,0.0
loso,logreg,all,A10,142,3,0.0,,0.0,0.0,0.0,
loso,logreg,all,A11,142,3,1.0,,0.0,0.0,0.0,
loso,logreg,all,A12,142,3,0.6666666666666666,0.5,0.0,0.0,0.0,1.0
loso,logreg,all,A13,142,3,0.3333333333333333,0.5,0.0,0.0,0.0,1.0
loso,logreg,all,A14,142,3,0.3333333333333333,,0.0,0.0,0.0,
loso,logreg,all,A15,142,3,0.3333333333333333,0.5,0.0,0.0,0.0,0.5
loso,logreg,all,A16,142,3,0.0,,0.0,0.0,0.0,
loso,logreg,all,A17,142,3,0.3333333333333333,0.5,0.3333333333333333,1.0,0.5,1.0
loso,logreg,all,A19,142,3,0.3333333333333333,0.5,0.3333333333333333,1.0,0.5,0.5
loso,logreg,all,A20,142,3,0.6666666666666666,,1.0,0.6666666666666666,0.8,
loso,logreg,all,A21,142,3,0.6666666666666666,0.75,0.5,1.0,0.6666666666666666,1.0
loso,logreg,all,A22,142,3,0.6666666666666666,0.75,1.0,0.5,0.6666666666666666,0.5
loso,logreg,all,A23,142,3,0.0,,0.0,0.0,0.0,
loso,logreg,all,A24,142,3,0.0,,0.0,0.0,0.0,
loso,logreg,all,A25,142,3,1.0,,0.0,0.0,0.0,
loso,logreg,all,A27,142,3,0.6666666666666666,0.5,0.6666666666666666,1.0,0.8,1.0
loso,logreg,all,A28,142,3,0.6666666666666666,0.5,0.0,0.0,0.0,0.0
loso,logreg,all,A30,142,3,0.0,,0.0,0.0,0.0,
loso,logreg,all,B01,141,4,0.25,0.25,0.3333333333333333,0.5,0.4,0.5
loso,logreg,all,B02,141,4,1.0,,1.0,1.0,1.0,
loso,logreg,all,B03,141,4,0.5,0.5,0.5,1.0,0.6666666666666666,0.5
loso,logreg,all,B06,141,4,0.5,,1.0,0.5,0.6666666666666666,
loso,logreg,all,B07,141,4,0.0,,0.0,0.0,0.0,
loso,logreg,all,B08,141,4,0.75,0.75,0.6666666666666666,1.0,0.8,0.5
loso,logreg,all,B09,141,4,0.75,0.5,0.75,1.0,0.8571428571428571,0.6666666666666666
loso,logreg,all,B10,141,4,0.5,0.3333333333333333,0.6666666666666666,0.6666666666666666,0.6666666666666666,0.3333333333333333
loso,logreg,all,B12,141,4,0.5,0.3333333333333333,0.6666666666666666,0.6666666666666666,0.6666666666666666,0.6666666666666666
loso,logreg,all,B13,141,4,0.75,0.5,0.0,0.0,0.0,0.6666666666666667
loso,logreg,all,B14,141,4,0.75,0.75,1.0,0.5,0.6666666666666666,0.75
loso,logreg,all,B15,141,4,0.75,,1.0,0.75,0.8571428571428571,
loso,logreg,all,B16,141,4,0.5,,1.0,0.5,0.6666666666666666,
loso,logreg,all,B17,141,4,0.25,,0.0,0.0,0.0,
loso,logreg,all,B18,142,3,0.6666666666666666,,1.0,0.6666666666666666,0.8,
loso,logreg,all,B19,141,4,0.5,0.6666666666666666,1.0,0.3333333333333333,0.5,0.3333333333333333
loso,logreg,all,B20,141,4,0.75,0.8333333333333333,1.0,0.6666666666666666,0.8,0.6666666666666666
loso,rf,all,A01,142,3,0.0,,0.0,0.0,0.0,
loso,rf,all,A03,142,3,1.0,,0.0,0.0,0.0,
loso,rf,all,A04,142,3,0.3333333333333333,0.5,0.0,0.0,0.0,0.0
loso,rf,all,A05,142,3,1.0,,0.0,0.0,0.0,
loso,rf,all,A06,142,3,0.3333333333333333,0.5,0.0,0.0,0.0,1.0
loso,rf,all,A07,142,3,0.3333333333333333,0.5,0.0,0.0,0.0,0.0
loso,rf,all,A08,142,3,0.3333333333333333,,0.0,0.0,0.0,
loso,rf,all,A09,142,3,0.3333333333333333,0.5,0.0,0.0,0.0,0.0
loso,rf,all,A10,142,3,1.0,,0.0,0.0,0.0,
loso,rf,all,A11,142,3,1.0,,0.0,0.0,0.0,
loso,rf,all,A12,142,3,0.6666666666666666,0.5,0.0,0.0,0.0,1.0
loso,rf,all,A13,142,3,0.3333333333333333,0.5,0.0,0.0,0.0,0.5
loso,rf,all,A14,142,3,1.0,,0.0,0.0,0.0,
loso,rf,all,A15,142,3,0.3333333333333333,0.5,0.0,0.0,0.0,1.0
loso,rf,all,A16,142,3,0.0,,0.0,0.0,0.0,
loso,rf,all,A17,142,3,0.6666666666666666,0.5,0.0,0.0,0.0,1.0
loso,rf,all,A19,142,3,0.6666666666666666,0.5,0.0,0.0,0.0,0.5
loso,rf,all,A20,142,3,0.6666666666666666,,1.0,0.6666666666666666,0.8,
loso,rf,all,A21,142,3,0.6666666666666666,0.5,0.0,0.0,0.0,0.25
loso,rf,all,A22,142,3,0.6666666666666666,0.75,1.0,0.5,0.6666666666666666,0.5
loso,rf,all,A23,142,3,1.0,,0.0,0.0,0.0,
loso,rf,all,A24,142,3,0.0,,0.0,0.0,0.0,
loso,rf,all,A25,142,3,1.0,,0.0,0.0,0.0,
loso,rf,all,A27,142,3,1.0,1.0,1.0,1.0,1.0,1.0
loso,rf,all,A28,142,3,0.6666666666666666,0.5,0.0,0.0,0.0,0.0
loso,rf,all,A30,142,3,0.0,,0.0,0.0,0.0,
loso,rf,all,B01,141,4,0.5,0.5,0.5,1.0,0.6666666666666666,0.5
loso,rf,all,B02,141,4,1.0,,1.0,1.0,1.0,
loso,rf,all,B03,141,4,0.5,0.5,0.5,1.0,0.6666666666666666,1.0
loso,rf,all,B06,141,4,1.0,,1.0,1.0,1.0,
loso,rf,all,B07,141,4,1.0,,1.0,1.0,1.0,
loso,rf,all,B08,141,4,0.5,0.5,0.5,1.0,0.6666666666666666,0.75
loso,rf,all,B09,141,4,1.0,1.0,1.0,1.0,1.0,1.0
loso,rf,all,B10,141,4,0.75,0.5,0.75,1.0,0.8571428571428571,0.3333333333333333
loso,rf,all,B12,141,4,0.5,0.3333333333333333,0.6666666666666666,0.6666666666666666,0.6666666666666666,0.6666666666666666
loso,rf,all,B13,141,4,0.5,0.6666666666666666,0.3333333333333333,1.0,0.5,1.0
loso,rf,all,B14,141,4,0.5,0.5,0.5,1.0,0.6666666666666666,0.5
loso,rf,all,B15,141,4,1.0,,1.0,1.0,1.0,
loso,rf,all,B16,141,4,0.25,,1.0,0.25,0.4,
loso,rf,all,B17,141,4,0.0,,0.0,0.0,0.0,
loso,rf,all,B18,142,3,1.0,,1.0,1.0,1.0,
loso,rf,all,B19,141,4,0.75,0.5,0.75,1.0,0.8571428571428571,1.0
loso,rf,all,B20,141,4,0.5,0.3333333333333333,0.6666666666666666,0.6666666666666666,0.6666666666666666,0.6666666666666666
loso,svm,all,A01,142,3,0.6666666666666666,,0.0,0.0,0.0,
loso,svm,all,A03,142,3,1.0,,0.0,0.0,0.0,
loso,svm,all,A04,142,3,0.0,0.0,0.0,0.0,0.0,0.0
loso,svm,all,A05,142,3,1.0,,0.0,0.0,0.0,
loso,svm,all,A06,142,3,0.3333333333333333,0.5,0.0,0.0,0.0,1.0
loso,svm,all,A07,142,3,0.3333333333333333,0.5,0.0,0.0,0.0,0.0
loso,svm,all,A08,142,3,1.0,,0.0,0.0,0.0,
loso,svm,all,A09,142,3,0.3333333333333333,0.5,0.0,0.0,0.0,0.0
loso,svm,all,A10,142,3,1.0,,0.0,0.0,0.0,
loso,svm,all,A11,142,3,1.0,,0.0,0.0,0.0,
loso,svm,all,A12,142,3,0.6666666666666666,0.5,0.0,0.0,0.0,1.0
loso,svm,all,A13,142,3,0.3333333333333333,0.5,0.0,0.0,0.0,1.0
loso,svm,all,A14,142,3,1.0,,0.0,0.0,0.0,
loso,svm,all,A15,142,3,0.3333333333333333,0.5,0.0,0.0,0.0,0.5
loso,svm,all,A16,142,3,0.3333333333333333,,0.0,0.0,0.0,
loso,svm,all,A17,142,3,0.6666666666666666,0.75,0.5,1.0,0.6666666666666666,1.0
loso,svm,all,A19,142,3,0.6666666666666666,0.5,0.0,0.0,0.0,0.5
loso,svm,all,A20,142,3,0.3333333333333333,,1.0,0.3333333333333333,0.5,
loso,svm,all,A21,142,3,0.6666666666666666,0.5,0.0,0.0,0.0,1.0
loso,svm,all,A22,142,3,0.3333333333333333,0.5,0.0,0.0,0.0,1.0
loso,svm,all,A23,142,3,0.6666666666666666,,0.0,0.0,0.0,
loso,svm,all,A24,142,3,0.0,,0.0,0.0,0.0,
loso,svm,all,A25,142,3,1.0,,0.0,0.0,0.0,
loso,svm,all,A27,142,3,1.0,1.0,1.0,1.0,1.0,1.0
loso,svm,all,A28,142,3,0.6666666666666666,0.5,0.0,0.0,0.0,0.0
loso,svm,all,A30,142,3,0.0,,0.0,0.0,0.0,
loso,svm,all,B01,141,4,0.5,0.5,0.5,1.0,0.6666666666666666,0.5
loso,svm,all,B02,141,4,1.0,,1.0,1.0,1.0,
loso,svm,all,B03,141,4,0.5,0.5,0.5,1.0,0.6666666666666666,0.5
loso,svm,all,B06,141,4,1.0,,1.0,1.0,1.0,
loso,svm,all,B07,141,4,1.0,,1.0,1.0,1.0,
loso,svm,all,B08,141,4,0.5,0.5,0.5,1.0,0.6666666666666666,0.25
loso,svm,all,B09,141,4,0.75,0.5,0.75,1.0,0.8571428571428571,1.0
loso,svm,all,B10,141,4,0.75,0.5,0.75,1.0,0.8571428571428571,0.3333333333333333
loso,svm,all,B12,141,4,0.75,0.5,0.75,1.0,0.8571428571428571,0.6666666666666666
loso,svm,all,B13,141,4,0.25,0.5,0.25,1.0,0.4,1.0
loso,svm,all,B14,141,4,0.5,0.5,0.5,1.0,0.6666666666666666,0.75
loso,svm,all,B15,141,4,1.0,,1.0,1.0,1.0,
loso,svm,all,B16,141,4,1.0,,1.0,1.0,1.0,
loso,svm,all,B17,141,4,0.0,,0.0,0.0,0.0,
loso,svm,all,B18,142,3,1.0,,1.0,1.0,1.0,
loso,svm,all,B19,141,4,0.75,0.5,0.75,1.0,0.8571428571428571,0.3333333333333333
loso,svm,all,B20,141,4,0.75,0.5,0.75,1.0,0.8571428571428571,1.0
loso,knn,all,A01,142,3,1.0,,0.0,0.0,0.0,
loso,knn,all,A03,142,3,0.6666666666666666,,0.0,0.0,0.0,
loso,knn,all,A04,142,3,0.0,0.0,0.0,0.0,0.0,0.0
loso,knn,all,A05,142,3,0.6666666666666666,,0.0,0.0,0.0,
loso,knn,all,A06,142,3,0.6666666666666666,0.75,1.0,0.5,0.6666666666666666,1.0
loso,knn,all,A07,142,3,0.3333333333333333,0.5,0.0,0.0,0.0,0.0
loso,knn,all,A08,142,3,0.3333333333333333,,0.0,0.0,0.0,
loso,knn,all,A09,142,3,0.3333333333333333,0.5,0.0,0.0,0.0,0.0
loso,knn,all,A10,142,3,0.6666666666666666,,0.0,0.0,0.0,
loso,knn,all,A11,142,3,1.0,,0.0,0.0,0.0,
loso,knn,all,A12,142,3,0.6666666666666666,0.75,0.5,1.0,0.6666666666666666,0.75
loso,knn,all,A13,142,3,0.6666666666666666,0.75,1.0,0.5,0.6666666666666666,0.75
loso,knn,all,A14,142,3,0.6666666666666666,,0.0,0.0,0.0,
loso,knn,all,A15,142,3,0.3333333333333333,0.5,0.0,0.0,0.0,0.5
loso,knn,all,A16,142,3,0.3333333333333333,,0.0,0.0,0.0,
loso,knn,all,A17,142,3,0.3333333333333333,0.5,0.3333333333333333,1.0,0.5,1.0
loso,knn,all,A19,142,3,0.6666666666666666,0.75,0.5,1.0,0.6666666666666666,0.75
loso,knn,all,A20,142,3,0.3333333333333333,,1.0,0.3333333333333333,0.5,
loso,knn,all,A21,142,3,0.6666666666666666,0.5,0.0,0.0,0.0,0.5
loso,knn,all,A22,142,3,0.6666666666666666,0.5,0.6666666666666666,1.0,0.8,0.5
loso,knn,all,A23,142,3,1.0,,0.0,0.0,0.0,
loso,knn,all,A24,142,3,0.3333333333333333,,1.0,0.3333333333333333,0.5,
loso,knn,all,A25,142,3,1.0,,0.0,0.0,0.0,
loso,knn,all,A27,142,3,1.0,1.0,1.0,1.0,1.0,1.0
loso,knn,all,A28,142,3,0.3333333333333333,0.25,0.0,0.0,0.0,0.5
loso,knn,all,A30,142,3,0.0,,0.0,0.0,0.0,
loso,knn,all,B01,141,4,0.5,0.5,0.5,1.0,0.6666666666666666,0.5
loso,knn,all,B02,141,4,1.0,,1.0,1.0,1.0,
loso,knn,all,B03,141,4,0.5,0.5,0.5,1.0,0.6666666666666666,0.5
loso,knn,all,B06,141,4,1.0,,1.0,1.0,1.0,
loso,knn,all,B07,141,4,1.0,,1.0,1.0,1.0,
loso,knn,all,B08,141,4,0.25,0.25,0.3333333333333333,0.5,0.4,0.375
loso,knn,all,B09,141,4,1.0,1.0,1.0,1.0,1.0,1.0
loso,knn,all,B10,141,4,0.75,0.5,0.75,1.0,0.8571428571428571,0.8333333333333333
loso,knn,all,B12,141,4,0.5,0.3333333333333333,0.6666666666666666,0.6666666666666666,0.6666666666666666,0.3333333333333333
loso,knn,all,B13,141,4,0.25,0.5,0.25,1.0,0.4,0.5
loso,knn,all,B14,141,4,0.5,0.5,0.5,1.0,0.6666666666666666,0.5
loso,knn,all,B15,141,4,0.5,,1.0,0.5,0.6666666666666666,
loso,knn,all,B16,141,4,0.5,,1.0,0.5,0.6666666666666666,
loso,knn,all,B17,141,4,0.0,,0.0,0.0,0.0,
loso,knn,all,B18,142,3,1.0,,1.0,1.0,1.0,
loso,knn,all,B19,141,4,0.25,0.16666666666666666,0.5,0.3333333333333333,0.4,0.16666666666666666
loso,knn,all,B20,141,4,1.0,1.0,1.0,1.0,1.0,1.0
loso,gb,all,A01,142,3,0.0,,0.0,0.0,0.0,
loso,gb,all,A03,142,3,1.0,,0.0,0.0,0.0,
loso,gb,all,A04,142,3,0.3333333333333333,0.5,0.0,0.0,0.0,0.0
loso,gb,all,A05,142,3,1.0,,0.0,0.0,0.0,
loso,gb,all,A06,142,3,0.3333333333333333,0.5,0.0,0.0,0.0,1.0
loso,gb,all,A07,142,3,0.3333333333333333,0.5,0.0,0.0,0.0,0.5
loso,gb,all,A08,142,3,0.3333333333333333,,0.0,0.0,0.0,
loso,gb,all,A09,142,3,0.3333333333333333,0.5,0.0,0.0,0.0,0.0
loso,gb,all,A10,142,3,0.6666666666666666,,0.0,0.0,0.0,
loso,gb,all,A11,142,3,0.6666666666666666,,0.0,0.0,0.0,
loso,gb,all,A12,142,3,0.6666666666666666,0.5,0.0,0.0,0.0,1.0
loso,gb,all,A13,142,3,0.3333333333333333,0.5,0.0,0.0,0.0,1.0
loso,gb,all,A14,142,3,0.3333333333333333,,0.0,0.0,0.0,
loso,gb,all,A15,142,3,0.3333333333333333,0.5,0.0,0.0,0.0,0.0
loso,gb,all,A16,142,3,0.0,,0.0,0.0,0.0,
loso,gb,all,A17,142,3,0.6666666666666666,0.5,0.0,0.0,0.0,0.5
loso,gb,all,A19,142,3,0.6666666666666666,0.5,0.0,0.0,0.0,1.0
loso,gb,all,A20,142,3,0.3333333333333333,,1.0,0.3333333333333333,0.5,
loso,gb,all,A21,142,3,0.3333333333333333,0.5,0.3333333333333333,1.0,0.5,0.5
loso,gb,all,A22,142,3,0.6666666666666666,0.75,1.0,0.5,0.6666666666666666,1.0
loso,gb,all,A23,142,3,0.3333333333333333,,0.0,0.0,0.0,
loso,gb,all,A24,142,3,0.0,,0.0,0.0,0.0,
loso,gb,all,A25,142,3,0.0,,0.0,0.0,0.0,
loso,gb,all,A27,142,3,0.6666666666666666,0.5,0.6666666666666666,1.0,0.8,1.0
loso,gb,all,A28,142,3,0.6666666666666666,0.5,0.0,0.0,0.0,0.0
loso,gb,all,A30,142,3,0.6666666666666666,,1.0,0.6666666666666666,0.8,
loso,gb,all,B01,141,4,0.5,0.5,0.5,1.0,0.6666666666666666,0.75
loso,gb,all,B02,141,4,0.75,,1.0,0.75,0.8571428571428571,
loso,gb,all,B03,141,4,0.75,0.75,0.6666666666666666,1.0,0.8,1.0
loso,gb,all,B06,141,4,1.0,,1.0,1.0,1.0,
loso,gb,all,B07,141,4,1.0,,1.0,1.0,1.0,
loso,gb,all,B08,141,4,0.5,0.5,0.5,1.0,0.6666666666666666,0.0
loso,gb,all,B09,141,4,0.5,0.3333333333333333,0.6666666666666666,0.6666666666666666,0.6666666666666666,0.3333333333333333
loso,gb,all,B10,141,4,0.75,0.5,0.75,1.0,0.8571428571428571,0.3333333333333333
loso,gb,all,B12,141,4,0.5,0.3333333333333333,0.6666666666666666,0.6666666666666666,0.6666666666666666,0.6666666666666666
loso,gb,all,B13,141,4,0.5,0.6666666666666666,0.3333333333333333,1.0,0.5,1.0
loso,gb,all,B14,141,4,0.5,0.5,0.5,1.0,0.6666666666666666,0.25
loso,gb,all,B15,141,4,0.5,,1.0,0.5,0.6666666666666666,
loso,gb,all,B16,141,4,0.5,,1.0,0.5,0.6666666666666666,
loso,gb,all,B17,141,4,0.0,,0.0,0.0,0.0,
loso,gb,all,B18,142,3,1.0,,1.0,1.0,1.0,
loso,gb,all,B19,141,4,0.75,0.5,0.75,1.0,0.8571428571428571,1.0
loso,gb,all,B20,141,4,0.5,0.3333333333333333,0.6666666666666666,0.6666666666666666,0.6666666666666666,0.6666666666666666
loso,nb,all,A01,142,3,1.0,,0.0,0.0,0.0,
loso,nb,all,A03,142,3,1.0,,0.0,0.0,0.0,
loso,nb,all,A04,142,3,0.3333333333333333,0.5,0.0,0.0,0.0,0.0
loso,nb,all,A05,142,3,1.0,,0.0,0.0,0.0,
loso,nb,all,A06,142,3,0.3333333333333333,0.5,0.0,0.0,0.0,1.0
loso,nb,all,A07,142,3,0.3333333333333333,0.5,0.0,0.0,0.0,0.0
loso,nb,all,A08,142,3,1.0,,0.0,0.0,0.0,
loso,nb,all,A09,142,3,0.3333333333333333,0.5,0.0,0.0,0.0,0.0
loso,nb,all,A10,142,3,1.0,,0.0,0.0,0.0,
loso,nb,all,A11,142,3,1.0,,0.0,0.0,0.0,
loso,nb,all,A12,142,3,0.6666666666666666,0.5,0.0,0.0,0.0,0.5
loso,nb,all,A13,142,3,0.3333333333333333,0.5,0.0,0.0,0.0,1.0
loso,nb,all,A14,142,3,1.0,,0.0,0.0,0.0,
loso,nb,all,A15,142,3,0.3333333333333333,0.5,0.0,0.0,0.0,0.5
loso,nb,all,A16,142,3,1.0,,0.0,0.0,0.0,
loso,nb,all,A17,142,3,0.6666666666666666,0.5,0.0,0.0,0.0,0.0
loso,nb,all,A19,142,3,0.6666666666666666,0.5,0.0,0.0,0.0,0.5
loso,nb,all,A20,142,3,0.0,,0.0,0.0,0.0,
loso,nb,all,A21,142,3,0.6666666666666666,0.5,0.0,0.0,0.0,0.5
loso,nb,all,A22,142,3,0.3333333333333333,0.5,0.0,0.0,0.0,1.0
loso,nb,all,A23,142,3,0.0,,0.0,0.0,0.0,
loso,nb,all,A24,142,3,0.0,,0.0,0.0,0.0,
loso,nb,all,A25,142,3,1.0,,0.0,0.0,0.0,
loso,nb,all,A27,142,3,0.6666666666666666,0.75,1.0,0.5,0.6666666666666666,1.0
loso,nb,all,A28,142,3,0.6666666666666666,0.5,0.0,0.0,0.0,0.0
loso,nb,all,A30,142,3,0.0,,0.0,0.0,0.0,
loso,nb,all,B01,141,4,0.5,0.5,0.5,0.5,0.5,0.25
loso,nb,all,B02,141,4,1.0,,1.0,1.0,1.0,
loso,nb,all,B03,141,4,0.25,0.25,0.0,0.0,0.0,0.5
loso,nb,all,B06,141,4,0.0,,0.0,0.0,0.0,
loso,nb,all,B07,141,4,0.5,,1.0,0.5,0.6666666666666666,
loso,nb,all,B08,141,4,0.5,0.5,0.5,1.0,0.6666666666666666,0.5
loso,nb,all,B09,141,4,0.25,0.16666666666666666,0.5,0.3333333333333333,0.4,0.3333333333333333
loso,nb,all,B10,141,4,0.25,0.5,0.0,0.0,0.0,0.0
loso,nb,all,B12,141,4,0.5,0.6666666666666666,1.0,0.3333333333333333,0.5,0.6666666666666666
loso,nb,all,B13,141,4,0.25,0.5,0.25,1.0,0.4,0.5
loso,nb,all,B14,141,4,0.5,0.5,0.5,1.0,0.6666666666666666,0.5
loso,nb,all,B15,141,4,0.25,,1.0,0.25,0.4,
loso,nb,all,B16,141,4,0.0,,0.0,0.0,0.0,
loso,nb,all,B17,141,4,0.5,,0.0,0.0,0.0,
loso,nb,all,B18,142,3,0.0,,0.0,0.0,0.0,
loso,nb,all,B19,141,4,0.5,0.6666666666666666,1.0,0.3333333333333333,0.5,0.6666666666666666
loso,nb,all,B20,141,4,1.0,1.0,1.0,1.0,1.0,1.0
loso,dummy,all,A01,142,3,0.0,,0.0,0.0,0.0,
loso,dummy,all,A03,142,3,0.0,,0.0,0.0,0.0,
loso,dummy,all,A04,142,3,0.6666666666666666,0.5,0.6666666666666666,1.0,0.8,0.5
loso,dummy,all,A05,142,3,0.0,,0.0,0.0,0.0,
loso,dummy,all,A06,142,3,0.6666666666666666,0.5,0.6666666666666666,1.0,0.8,0.5
loso,dummy,all,A07,142,3,0.6666666666666666,0.5,0.6666666666666666,1.0,0.8,0.5
loso,dummy,all,A08,142,3,0.0,,0.0,0.0,0.0,
loso,dummy,all,A09,142,3,0.6666666666666666,0.5,0.6666666666666666,1.0,0.8,0.5
loso,dummy,all,A10,142,3,0.0,,0.0,0.0,0.0,
loso,dummy,all,A11,142,3,0.0,,0.0,0.0,0.0,
loso,dummy,all,A12,142,3,0.3333333333333333,0.5,0.3333333333333333,1.0,0.5,0.5
loso,dummy,all,A13,142,3,0.6666666666666666,0.5,0.6666666666666666,1.0,0.8,0.5
loso,dummy,all,A14,142,3,0.0,,0.0,0.0,0.0,
loso,dummy,all,A15,142,3,0.6666666666666666,0.5,0.6666666666666666,1.0,0.8,0.5
loso,dummy,all,A16,142,3,0.0,,0.0,0.0,0.0,
loso,dummy,all,A17,142,3,0.3333333333333333,0.5,0.3333333333333333,1.0,0.5,0.5
loso,dummy,all,A19,142,3,0.3333333333333333,0.5,0.3333333333333333,1.0,0.5,0.5
loso,dummy,all,A20,142,3,1.0,,1.0,1.0,1.0,
loso,dummy,all,A21,142,3,0.3333333333333333,0.5,0.3333333333333333,1.0,0.5,0.5
loso,dummy,all,A22,142,3,0.6666666666666666,0.5,0.6666666666666666,1.0,0.8,0.5
loso,dummy,all,A23,142,3,0.0,,0.0,0.0,0.0,
loso,dummy,all,A24,142,3,1.0,,1.0,1.0,1.0,
loso,dummy,all,A25,142,3,0.0,,0.0,0.0,0.0,
loso,dummy,all,A27,142,3,0.6666666666666666,0.5,0.6666666666666666,1.0,0.8,0.5
loso,dummy,all,A28,142,3,0.3333333333333333,0.5,0.3333333333333333,1.0,0.5,0.5
loso,dummy,all,A30,142,3,1.0,,1.0,1.0,1.0,
loso,dummy,all,B01,141,4,0.5,0.5,0.5,1.0,0.6666666666666666,0.5
loso,dummy,all,B02,141,4,1.0,,1.0,1.0,1.0,
loso,dummy,all,B03,141,4,0.5,0.5,0.5,1.0,0.6666666666666666,0.5
loso,dummy,all,B06,141,4,1.0,,1.0,1.0,1.0,
loso,dummy,all,B07,141,4,1.0,,1.0,1.0,1.0,
loso,dummy,all,B08,141,4,0.5,0.5,0.5,1.0,0.6666666666666666,0.5
loso,dummy,all,B09,141,4,0.75,0.5,0.75,1.0,0.8571428571428571,0.5
loso,dummy,all,B10,141,4,0.75,0.5,0.75,1.0,0.8571428571428571,0.5
loso,dummy,all,B12,141,4,0.75,0.5,0.75,1.0,0.8571428571428571,0.5
loso,dummy,all,B13,141,4,0.25,0.5,0.25,1.0,0.4,0.5
loso,dummy,all,B14,141,4,0.5,0.5,0.5,1.0,0.6666666666666666,0.5
loso,dummy,all,B15,141,4,1.0,,1.0,1.0,1.0,
loso,dummy,all,B16,141,4,1.0,,1.0,1.0,1.0,
loso,dummy,all,B17,141,4,0.0,,0.0,0.0,0.0,
loso,dummy,all,B18,142,3,1.0,,1.0,1.0,1.0,
loso,dummy,all,B19,141,4,0.75,0.5,0.75,1.0,0.8571428571428571,0.5
loso,dummy,all,B20,141,4,0.75,0.5,0.75,1.0,0.8571428571428571,0.5
loto,logreg,all,A01,119,26,0.3076923076923077,0.4916666666666667,0.22727272727272727,0.8333333333333334,0.35714285714285715,0.55
loto,logreg,all,A02,119,26,0.5769230769230769,0.5484848484848485,0.5,0.36363636363636365,0.42105263157894735,0.5090909090909091
loto,logreg,all,A03,119,26,0.4230769230769231,0.42307692307692313,0.375,0.23076923076923078,0.2857142857142857,0.43786982248520717
loto,logreg,all,B01,129,16,0.75,0.6666666666666667,0.8333333333333334,0.8333333333333334,0.8333333333333334,0.8333333333333334
loto,logreg,all,B02,128,17,0.5882352941176471,0.48809523809523814,0.8181818181818182,0.6428571428571429,0.72,0.6190476190476191
loto,logreg,all,B03,128,17,0.5294117647058824,0.5069444444444444,0.5333333333333333,0.8888888888888888,0.6666666666666666,0.5972222222222222
loto,logreg,all,B04,128,17,0.5882352941176471,0.5333333333333333,0.7272727272727273,0.6666666666666666,0.6956521739130435,0.6666666666666667
loto,rf,all,A01,119,26,0.7692307692307693,0.7333333333333334,0.5,0.6666666666666666,0.5714285714285714,0.8166666666666667
loto,rf,all,A02,119,26,0.5769230769230769,0.5484848484848485,0.5,0.36363636363636365,0.42105263157894735,0.6909090909090909
loto,rf,all,A03,119,26,0.6923076923076923,0.6923076923076923,0.8571428571428571,0.46153846153846156,0.6,0.7041420118343196
loto,rf,all,B01,129,16,0.75,0.5,0.75,1.0,0.8571428571428571,0.7291666666666666
loto,rf,all,B02,128,17,0.8235294117647058,0.6309523809523809,0.8666666666666667,0.9285714285714286,0.896551724137931,0.6904761904761905
loto,rf,all,B03,128,17,0.5294117647058824,0.5,0.5294117647058824,1.0,0.6923076923076923,0.6666666666666666
loto,rf,all,B04,128,17,0.5882352941176471,0.475,0.6923076923076923,0.75,0.72,0.5333333333333332
loto,svm,all,A01,119,26,0.6153846153846154,0.5166666666666666,0.25,0.3333333333333333,0.2857142857142857,0.625
loto,svm,all,A02,119,26,0.6538461538461539,0.5909090909090909,1.0,0.18181818181818182,0.3076923076923077,0.6121212121212121
loto,svm,all,A03,119,26,0.5,0.5,0.5,0.07692307692307693,0.13333333333333333,0.5621301775147929
loto,svm,all,B01,129,16,0.75,0.5,0.75,1.0,0.8571428571428571,0.6458333333333333
loto,svm,all,B02,128,17,0.7647058823529411,0.4642857142857143,0.8125,0.9285714285714286,0.8666666666666667,0.40476190476190477
loto,svm,all,B03,128,17,0.5294117647058824,0.5,0.5294117647058824,1.0,0.6923076923076923,0.5416666666666667
loto,svm,all,B04,128,17,0.7058823529411765,0.5,0.7058823529411765,1.0,0.8275862068965517,0.5666666666666667
loto,knn,all,A01,119,26,0.6923076923076923,0.5666666666666667,0.3333333333333333,0.3333333333333333,0.3333333333333333,0.6875
loto,knn,all,A02,119,26,0.5769230769230769,0.5727272727272728,0.5,0.5454545454545454,0.5217391304347826,0.5393939393939394
loto,knn,all,A03,119,26,0.5,0.5,0.5,0.23076923076923078,0.3157894736842105,0.5384615384615384
loto,knn,all,B01,129,16,0.75,0.5,0.75,1.0,0.8571428571428571,0.625
loto,knn,all,B02,128,17,0.8235294117647058,0.7619047619047619,0.9230769230769231,0.8571428571428571,0.8888888888888888,0.8571428571428572
loto,knn,all,B03,128,17,0.5294117647058824,0.5,0.5294117647058824,1.0,0.6923076923076923,0.7986111111111112
loto,knn,all,B04,128,17,0.7647058823529411,0.6,0.75,1.0,0.8571428571428571,0.5333333333333333
loto,gb,all,A01,119,26,0.7307692307692307,0.7083333333333333,0.4444444444444444,0.6666666666666666,0.5333333333333333,0.7833333333333333
loto,gb,all,A02,119,26,0.5769230769230769,0.5606060606060606,0.5,0.45454545454545453,0.47619047619047616,0.6181818181818182
loto,gb,all,A03,119,26,0.6538461538461539,0.6538461538461539,0.75,0.46153846153846156,0.5714285714285714,0.650887573964497
loto,gb,all,B01,129,16,0.625,0.4166666666666667,0.7142857142857143,0.8333333333333334,0.7692307692307693,0.7083333333333334
loto,gb,all,B02,128,17,0.7058823529411765,0.8214285714285714,1.0,0.6428571428571429,0.782608695652174,0.7142857142857143
loto,gb,all,B03,128,17,0.5294117647058824,0.5069444444444444,0.5333333333333333,0.8888888888888888,0.6666666666666666,0.5972222222222222
loto,gb,all,B04,128,17,0.7058823529411765,0.5583333333333333,0.7333333333333333,0.9166666666666666,0.8148148148148148,0.4333333333333333
loto,nb,all,A01,119,26,0.7692307692307693,0.5,0.0,0.0,0.0,0.5083333333333333
loto,nb,all,A02,119,26,0.6153846153846154,0.5454545454545454,1.0,0.09090909090909091,0.16666666666666666,0.5333333333333333
loto,nb,all,A03,119,26,0.5,0.5,0.0,0.0,0.0,0.621301775147929
loto,nb,all,B01,129,16,0.6875,0.7083333333333333,0.8888888888888888,0.6666666666666666,0.7619047619047619,0.7708333333333334
loto,nb,all,B02,128,17,0.4117647058823529,0.5119047619047619,0.8333333333333334,0.35714285714285715,0.5,0.4880952380952381
loto,nb,all,B03,128,17,0.5294117647058824,0.5,0.5294117647058824,1.0,0.6923076923076923,0.40277777777777773
loto,nb,all,B04,128,17,0.5294117647058824,0.4916666666666667,0.7,0.5833333333333334,0.6363636363636364,0.5666666666666667
loto,dummy,all,A01,119,26,0.23076923076923078,0.5,0.23076923076923078,1.0,0.375,0.5
loto,dummy,all,A02,119,26,0.4230769230769231,0.5,0.4230769230769231,1.0,0.5945945945945946,0.5
loto,dummy,all,A03,119,26,0.5,0.5,0.5,1.0,0.6666666666666666,0.5
loto,dummy,all,B01,129,16,0.75,0.5,0.75,1.0,0.8571428571428571,0.5
loto,dummy,all,B02,128,17,0.17647058823529413,0.5,0.0,0.0,0.0,0.5
loto,dummy,all,B03,128,17,0.5294117647058824,0.5,0.5294117647058824,1.0,0.6923076923076923,0.5
loto,dummy,all,B04,128,17,0.7058823529411765,0.5,0.7058823529411765,1.0,0.8275862068965517,0.5
losato,logreg,all,A01__A01,144,1,0.0,,0.0,0.0,0.0,
losato,logreg,all,A01__A02,144,1,1.0,,0.0,0.0,0.0,
losato,logreg,all,A01__A03,144,1,1.0,,0.0,0.0,0.0,
losato,logreg,all,A03__A01,144,1,1.0,,0.0,0.0,0.0,
losato,logreg,all,A03__A02,144,1,1.0,,0.0,0.0,0.0,
losato,logreg,all,A03__A03,144,1,0.0,,0.0,0.0,0.0,
losato,logreg,all,A04__A01,144,1,0.0,,0.0,0.0,0.0,
losato,logreg,all,A04__A02,144,1,0.0,,0.0,0.0,0.0,
losato,logreg,all,A04__A03,144,1,0.0,,0.0,0.0,0.0,
losato,logreg,all,A05__A01,144,1,1.0,,0.0,0.0,0.0,
losato,logreg,all,A05__A02,144,1,1.0,,0.0,0.0,0.0,
losato,logreg,all,A05__A03,144,1,1.0,,0.0,0.0,0.0,
losato,logreg,all,A06__A01,144,1,1.0,,0.0,0.0,0.0,
losato,logreg,all,A06__A02,144,1,0.0,,0.0,0.0,0.0,
losato,logreg,all,A06__A03,144,1,1.0,,1.0,1.0,1.0,
losato,logreg,all,A07__A01,144,1,0.0,,0.0,0.0,0.0,
losato,logreg,all,A07__A02,144,1,0.0,,0.0,0.0,0.0,
losato,logreg,all,A07__A03,144,1,1.0,,0.0,0.0,0.0,
losato,logreg,all,A08__A01,144,1,1.0,,0.0,0.0,0.0,
losato,logreg,all,A08__A02,144,1,1.0,,0.0,0.0,0.0,
losato,logreg,all,A08__A03,144,1,0.0,,0.0,0.0,0.0,
losato,logreg,all,A09__A01,144,1,0.0,,0.0,0.0,0.0,
losato,logreg,all,A09__A02,144,1,0.0,,0.0,0.0,0.0,
losato,logreg,all,A09__A03,144,1,0.0,,0.0,0.0,0.0,
losato,logreg,all,A10__A01,144,1,1.0,,0.0,0.0,0.0,
losato,logreg,all,A10__A02,144,1,0.0,,0.0,0.0,0.0,
losato,logreg,all,A10__A03,144,1,0.0,,0.0,0.0,0.0,
losato,logreg,all,A11__A01,144,1,1.0,,0.0,0.0,0.0,
losato,logreg,all,A11__A02,144,1,1.0,,0.0,0.0,0.0,
losato,logreg,all,A11__A03,144,1,1.0,,0.0,0.0,0.0,
losato,logreg,all,A12__A01,144,1,1.0,,0.0,0.0,0.0,
losato,logreg,all,A12__A02,144,1,1.0,,0.0,0.0,0.0,
losato,logreg,all,A12__A03,144,1,0.0,,0.0,0.0,0.0,
losato,logreg,all,A13__A01,144,1,1.0,,0.0,0.0,0.0,
losato,logreg,all,A13__A02,144,1,0.0,,0.0,0.0,0.0,
losato,logreg,all,A13__A03,144,1,0.0,,0.0,0.0,0.0,
losato,logreg,all,A14__A01,144,1,1.0,,0.0,0.0,0.0,
losato,logreg,all,A14__A02,144,1,0.0,,0.0,0.0,0.0,
losato,logreg,all,A14__A03,144,1,0.0,,0.0,0.0,0.0,
losato,logreg,all,A15__A01,144,1,0.0,,0.0,0.0,0.0,
losato,logreg,all,A15__A02,144,1,1.0,,0.0,0.0,0.0,
losato,logreg,all,A15__A03,144,1,0.0,,0.0,0.0,0.0,
losato,logreg,all,A16__A01,144,1,1.0,,0.0,0.0,0.0,
losato,logreg,all,A16__A02,144,1,1.0,,0.0,0.0,0.0,
losato,logreg,all,A16__A03,144,1,1.0,,0.0,0.0,0.0,
losato,logreg,all,A17__A01,144,1,1.0,,0.0,0.0,0.0,
losato,logreg,all,A17__A02,144,1,1.0,,0.0,0.0,0.0,
losato,logreg,all,A17__A03,144,1,1.0,,1.0,1.0,1.0,
losato,logreg,all,A19__A01,144,1,0.0,,0.0,0.0,0.0,
losato,logreg,all,A19__A02,144,1,0.0,,0.0,0.0,0.0,
losato,logreg,all,A19__A03,144,1,1.0,,1.0,1.0,1.0,
losato,logreg,all,A20__A01,144,1,1.0,,1.0,1.0,1.0,
losato,logreg,all,A20__A02,144,1,1.0,,1.0,1.0,1.0,
losato,logreg,all,A20__A03,144,1,0.0,,0.0,0.0,0.0,
losato,logreg,all,A21__A01,144,1,1.0,,0.0,0.0,0.0,
losato,logreg,all,A21__A02,144,1,0.0,,0.0,0.0,0.0,
losato,logreg,all,A21__A03,144,1,1.0,,1.0,1.0,1.0,
losato,logreg,all,A22__A01,144,1,1.0,,0.0,0.0,0.0,
losato,logreg,all,A22__A02,144,1,0.0,,0.0,0.0,0.0,
losato,logreg,all,A22__A03,144,1,1.0,,1.0,1.0,1.0,
losato,logreg,all,A23__A01,144,1,1.0,,0.0,0.0,0.0,
losato,logreg,all,A23__A02,144,1,1.0,,0.0,0.0,0.0,
losato,logreg,all,A23__A03,144,1,0.0,,0.0,0.0,0.0,
losato,logreg,all,A24__A01,144,1,0.0,,0.0,0.0,0.0,
losato,logreg,all,A24__A02,144,1,0.0,,0.0,0.0,0.0,
losato,logreg,all,A24__A03,144,1,0.0,,0.0,0.0,0.0,
losato,logreg,all,A25__A01,144,1,1.0,,0.0,0.0,0.0,
losato,logreg,all,A25__A02,144,1,1.0,,0.0,0.0,0.0,
losato,logreg,all,A25__A03,144,1,1.0,,0.0,0.0,0.0,
losato,logreg,all,A27__A01,144,1,0.0,,0.0,0.0,0.0,
losato,logreg,all,A27__A02,144,1,1.0,,1.0,1.0,1.0,
losato,logreg,all,A27__A03,144,1,1.0,,1.0,1.0,1.0,
losato,logreg,all,A28__A01,144,1,1.0,,0.0,0.0,0.0,
losato,logreg,all,A28__A02,144,1,0.0,,0.0,0.0,0.0,
losato,logreg,all,A28__A03,144,1,0.0,,0.0,0.0,0.0,
losato,logreg,all,A30__A01,144,1,1.0,,1.0,1.0,1.0,
losato,logreg,all,A30__A02,144,1,0.0,,0.0,0.0,0.0,
losato,logreg,all,A30__A03,144,1,0.0,,0.0,0.0,0.0,
losato,logreg,all,B01__B01,144,1,1.0,,1.0,1.0,1.0,
losato,logreg,all,B01__B02,144,1,0.0,,0.0,0.0,0.0,
losato,logreg,all,B01__B03,144,1,0.0,,0.0,0.0,0.0,
losato,logreg,all,B01__B04,144,1,0.0,,0.0,0.0,0.0,
losato,logreg,all,B02__B01,144,1,1.0,,1.0,1.0,1.0,
losato,logreg,all,B02__B02,144,1,1.0,,1.0,1.0,1.0,
losato,logreg,all,B02__B03,144,1,1.0,,1.0,1.0,1.0,
losato,logreg,all,B02__B04,144,1,1.0,,1.0,1.0,1.0,
losato,logreg,all,B03__B01,144,1,0.0,,0.0,0.0,0.0,
losato,logreg,all,B03__B02,144,1,1.0,,1.0,1.0,1.0,
losato,logreg,all,B03__B03,144,1,1.0,,1.0,1.0,1.0,
losato,logreg,all,B03__B04,144,1,0.0,,0.0,0.0,0.0,
losato,logreg,all,B06__B01,144,1,0.0,,0.0,0.0,0.0,
losato,logreg,all,B06__B02,144,1,1.0,,1.0,1.0,1.0,
losato,logreg,all,B06__B03,144,1,1.0,,1.0,1.0,1.0,
losato,logreg,all,B06__B04,144,1,0.0,,0.0,0.0,0.0,
losato,logreg,all,B07__B01,144,1,1.0,,1.0,1.0,1.0,
losato,logreg,all,B07__B02,144,1,1.0,,1.0,1.0,1.0,
losato,logreg,all,B07__B03,144,1,0.0,,0.0,0.0,0.0,
losato,logreg,all,B07__B04,144,1,1.0,,1.0,1.0,1.0,
losato,logreg,all,B08__B01,144,1,1.0,,1.0,1.0,1.0,
losato,logreg,all,B08__B02,144,1,1.0,,0.0,0.0,0.0,
losato,logreg,all,B08__B03,144,1,0.0,,0.0,0.0,0.0,
losato,logreg,all,B08__B04,144,1,1.0,,1.0,1.0,1.0,
losato,logreg,all,B09__B01,144,1,1.0,,1.0,1.0,1.0,
losato,logreg,all,B09__B02,144,1,1.0,,1.0,1.0,1.0,
losato,logreg,all,B09__B03,144,1,0.0,,0.0,0.0,0.0,
losato,logreg,all,B09__B04,144,1,0.0,,0.0,0.0,0.0,
losato,logreg,all,B10__B01,144,1,1.0,,1.0,1.0,1.0,
losato,logreg,all,B10__B02,144,1,1.0,,1.0,1.0,1.0,
losato,logreg,all,B10__B03,144,1,0.0,,0.0,0.0,0.0,
losato,logreg,all,B10__B04,144,1,0.0,,0.0,0.0,0.0,
losato,logreg,all,B12__B01,144,1,1.0,,1.0,1.0,1.0,
losato,logreg,all,B12__B02,144,1,1.0,,1.0,1.0,1.0,
losato,logreg,all,B12__B03,144,1,0.0,,0.0,0.0,0.0,
losato,logreg,all,B12__B04,144,1,0.0,,0.0,0.0,0.0,
losato,logreg,all,B13__B01,144,1,1.0,,0.0,0.0,0.0,
losato,logreg,all,B13__B02,144,1,0.0,,0.0,0.0,0.0,
losato,logreg,all,B13__B03,144,1,0.0,,0.0,0.0,0.0,
losato,logreg,all,B13__B04,144,1,1.0,,0.0,0.0,0.0,
losato,logreg,all,B14__B01,144,1,0.0,,0.0,0.0,0.0,
losato,logreg,all,B14__B02,144,1,1.0,,1.0,1.0,1.0,
losato,logreg,all,B14__B03,144,1,1.0,,0.0,0.0,0.0,
losato,logreg,all,B14__B04,144,1,0.0,,0.0,0.0,0.0,
losato,logreg,all,B15__B01,144,1,1.0,,1.0,1.0,1.0,
losato,logreg,all,B15__B02,144,1,1.0,,1.0,1.0,1.0,
losato,logreg,all,B15__B03,144,1,1.0,,1.0,1.0,1.0,
losato,logreg,all,B15__B04,144,1,1.0,,1.0,1.0,1.0,
losato,logreg,all,B16__B01,144,1,0.0,,0.0,0.0,0.0,
losato,logreg,all,B16__B02,144,1,1.0,,1.0,1.0,1.0,
losato,logreg,all,B16__B03,144,1,1.0,,1.0,1.0,1.0,
losato,logreg,all,B16__B04,144,1,1.0,,1.0,1.0,1.0,
losato,logreg,all,B17__B01,144,1,1.0,,0.0,0.0,0.0,
losato,logreg,all,B17__B02,144,1,0.0,,0.0,0.0,0.0,
losato,logreg,all,B17__B03,144,1,0.0,,0.0,0.0,0.0,
losato,logreg,all,B17__B04,144,1,0.0,,0.0,0.0,0.0,
losato,logreg,all,B18__B02,144,1,1.0,,1.0,1.0,1.0,
losato,logreg,all,B18__B03,144,1,0.0,,0.0,0.0,0.0,
losato,logreg,all,B18__B04,144,1,1.0,,1.0,1.0,1.0,
losato,logreg,all,B19__B01,144,1,1.0,,1.0,1.0,1.0,
losato,logreg,all,B19__B02,144,1,1.0,,1.0,1.0,1.0,
losato,logreg,all,B19__B03,144,1,1.0,,0.0,0.0,0.0,
losato,logreg,all,B19__B04,144,1,0.0,,0.0,0.0,0.0,
losato,logreg,all,B20__B01,144,1,1.0,,1.0,1.0,1.0,
losato,logreg,all,B20__B02,144,1,0.0,,0.0,0.0,0.0,
losato,logreg,all,B20__B03,144,1,0.0,,0.0,0.0,0.0,
losato,logreg,all,B20__B04,144,1,1.0,,1.0,1.0,1.0,
losato,rf,all,A01__A01,144,1,1.0,,0.0,0.0,0.0,
losato,rf,all,A01__A02,144,1,0.0,,0.0,0.0,0.0,
losato,rf,all,A01__A03,144,1,1.0,,0.0,0.0,0.0,
losato,rf,all,A03__A01,144,1,1.0,,0.0,0.0,0.0,
losato,rf,all,A03__A02,144,1,1.0,,0.0,0.0,0.0,
losato,rf,all,A03__A03,144,1,1.0,,0.0,0.0,0.0,
losato,rf,all,A04__A01,144,1,0.0,,0.0,0.0,0.0,
losato,rf,all,A04__A02,144,1,0.0,,0.0,0.0,0.0,
losato,rf,all,A04__A03,144,1,0.0,,0.0,0.0,0.0,
losato,rf,all,A05__A01,144,1,1.0,,0.0,0.0,0.0,
losato,rf,all,A05__A02,144,1,1.0,,0.0,0.0,0.0,
losato,rf,all,A05__A03,144,1,1.0,,0.0,0.0,0.0,
losato,rf,all,A06__A01,144,1,1.0,,0.0,0.0,0.0,
losato,rf,all,A06__A02,144,1,0.0,,0.0,0.0,0.0,
losato,rf,all,A06__A03,144,1,0.0,,0.0,0.0,0.0,
losato,rf,all,A07__A01,144,1,0.0,,0.0,0.0,0.0,
losato,rf,all,A07__A02,144,1,0.0,,0.0,0.0,0.0,
losato,rf,all,A07__A03,144,1,0.0,,0.0,0.0,0.0,
losato,rf,all,A08__A01,144,1,1.0,,0.0,0.0,0.0,
losato,rf,all,A08__A02,144,1,0.0,,0.0,0.0,0.0,
losato,rf,all,A08__A03,144,1,0.0,,0.0,0.0,0.0,
losato,rf,all,A09__A01,144,1,1.0,,0.0,0.0,0.0,
losato,rf,all,A09__A02,144,1,0.0,,0.0,0.0,0.0,
losato,rf,all,A09__A03,144,1,0.0,,0.0,0.0,0.0,
losato,rf,all,A10__A01,144,1,1.0,,0.0,0.0,0.0,
losato,rf,all,A10__A02,144,1,1.0,,0.0,0.0,0.0,
losato,rf,all,A10__A03,144,1,1.0,,0.0,0.0,0.0,
losato,rf,all,A11__A01,144,1,1.0,,0.0,0.0,0.0,
losato,rf,all,A11__A02,144,1,1.0,,0.0,0.0,0.0,
losato,rf,all,A11__A03,144,1,1.0,,0.0,0.0,0.0,
losato,rf,all,A12__A01,144,1,1.0,,0.0,0.0,0.0,
losato,rf,all,A12__A02,144,1,0.0,,0.0,0.0,0.0,
losato,rf,all,A12__A03,144,1,0.0,,0.0,0.0,0.0,
losato,rf,all,A13__A01,144,1,0.0,,0.0,0.0,0.0,
losato,rf,all,A13__A02,144,1,1.0,,1.0,1.0,1.0,
losato,rf,all,A13__A03,144,1,1.0,,1.0,1.0,1.0,
losato,rf,all,A14__A01,144,1,1.0,,0.0,0.0,0.0,
losato,rf,all,A14__A02,144,1,1.0,,0.0,0.0,0.0,
losato,rf,all,A14__A03,144,1,1.0,,0.0,0.0,0.0,
losato,rf,all,A15__A01,144,1,0.0,,0.0,0.0,0.0,
losato,rf,all,A15__A02,144,1,0.0,,0.0,0.0,0.0,
losato,rf,all,A15__A03,144,1,0.0,,0.0,0.0,0.0,
losato,rf,all,A16__A01,144,1,1.0,,0.0,0.0,0.0,
losato,rf,all,A16__A02,144,1,1.0,,0.0,0.0,0.0,
losato,rf,all,A16__A03,144,1,1.0,,0.0,0.0,0.0,
losato,rf,all,A17__A01,144,1,1.0,,0.0,0.0,0.0,
losato,rf,all,A17__A02,144,1,1.0,,0.0,0.0,0.0,
losato,rf,all,A17__A03,144,1,0.0,,0.0,0.0,0.0,
losato,rf,all,A19__A01,144,1,1.0,,0.0,0.0,0.0,
losato,rf,all,A19__A02,144,1,0.0,,0.0,0.0,0.0,
losato,rf,all,A19__A03,144,1,0.0,,0.0,0.0,0.0,
losato,rf,all,A20__A01,144,1,1.0,,1.0,1.0,1.0,
losato,rf,all,A20__A02,144,1,1.0,,1.0,1.0,1.0,
losato,rf,all,A20__A03,144,1,1.0,,1.0,1.0,1.0,
losato,rf,all,A21__A01,144,1,1.0,,0.0,0.0,0.0,
losato,rf,all,A21__A02,144,1,0.0,,0.0,0.0,0.0,
losato,rf,all,A21__A03,144,1,0.0,,0.0,0.0,0.0,
losato,rf,all,A22__A01,144,1,1.0,,0.0,0.0,0.0,
losato,rf,all,A22__A02,144,1,0.0,,0.0,0.0,0.0,
losato,rf,all,A22__A03,144,1,1.0,,1.0,1.0,1.0,
losato,rf,all,A23__A01,144,1,1.0,,0.0,0.0,0.0,
losato,rf,all,A23__A02,144,1,1.0,,0.0,0.0,0.0,
losato,rf,all,A23__A03,144,1,1.0,,0.0,0.0,0.0,
losato,rf,all,A24__A01,144,1,0.0,,0.0,0.0,0.0,
losato,rf,all,A24__A02,144,1,1.0,,1.0,1.0,1.0,
losato,rf,all,A24__A03,144,1,1.0,,1.0,1.0,1.0,
losato,rf,all,A25__A01,144,1,1.0,,0.0,0.0,0.0,
losato,rf,all,A25__A02,144,1,1.0,,0.0,0.0,0.0,
losato,rf,all,A25__A03,144,1,1.0,,0.0,0.0,0.0,
losato,rf,all,A27__A01,144,1,0.0,,0.0,0.0,0.0,
losato,rf,all,A27__A02,144,1,1.0,,1.0,1.0,1.0,
losato,rf,all,A27__A03,144,1,1.0,,1.0,1.0,1.0,
losato,rf,all,A28__A01,144,1,1.0,,0.0,0.0,0.0,
losato,rf,all,A28__A02,144,1,0.0,,0.0,0.0,0.0,
losato,rf,all,A28__A03,144,1,1.0,,0.0,0.0,0.0,
losato,rf,all,A30__A01,144,1,1.0,,1.0,1.0,1.0,
losato,rf,all,A30__A02,144,1,1.0,,1.0,1.0,1.0,
losato,rf,all,A30__A03,144,1,1.0,,1.0,1.0,1.0,
losato,rf,all,B01__B01,144,1,1.0,,1.0,1.0,1.0,
losato,rf,all,B01__B02,144,1,0.0,,0.0,0.0,0.0,
losato,rf,all,B01__B03,144,1,1.0,,1.0,1.0,1.0,
losato,rf,all,B01__B04,144,1,0.0,,0.0,0.0,0.0,
losato,rf,all,B02__B01,144,1,1.0,,1.0,1.0,1.0,
losato,rf,all,B02__B02,144,1,1.0,,1.0,1.0,1.0,
losato,rf,all,B02__B03,144,1,1.0,,1.0,1.0,1.0,
losato,rf,all,B02__B04,144,1,1.0,,1.0,1.0,1.0,
losato,rf,all,B03__B01,144,1,0.0,,0.0,0.0,0.0,
losato,rf,all,B03__B02,144,1,1.0,,1.0,1.0,1.0,
losato,rf,all,B03__B03,144,1,1.0,,1.0,1.0,1.0,
losato,rf,all,B03__B04,144,1,0.0,,0.0,0.0,0.0,
losato,rf,all,B06__B01,144,1,1.0,,1.0,1.0,1.0,
losato,rf,all,B06__B02,144,1,1.0,,1.0,1.0,1.0,
losato,rf,all,B06__B03,144,1,1.0,,1.0,1.0,1.0,
losato,rf,all,B06__B04,144,1,1.0,,1.0,1.0,1.0,
losato,rf,all,B07__B01,144,1,1.0,,1.0,1.0,1.0,
losato,rf,all,B07__B02,144,1,1.0,,1.0,1.0,1.0,
losato,rf,all,B07__B03,144,1,1.0,,1.0,1.0,1.0,
losato,rf,all,B07__B04,144,1,1.0,,1.0,1.0,1.0,
losato,rf,all,B08__B01,144,1,1.0,,1.0,1.0,1.0,
losato,rf,all,B08__B02,144,1,0.0,,0.0,0.0,0.0,
losato,rf,all,B08__B03,144,1,0.0,,0.0,0.0,0.0,
losato,rf,all,B08__B04,144,1,0.0,,0.0,0.0,0.0,
losato,rf,all,B09__B01,144,1,1.0,,1.0,1.0,1.0,
losato,rf,all,B09__B02,144,1,1.0,,1.0,1.0,1.0,
losato,rf,all,B09__B03,144,1,0.0,,0.0,0.0,0.0,
losato,rf,all,B09__B04,144,1,1.0,,1.0,1.0,1.0,
losato,rf,all,B10__B01,144,1,1.0,,1.0,1.0,1.0,
losato,rf,all,B10__B02,144,1,1.0,,1.0,1.0,1.0,
losato,rf,all,B10__B03,144,1,0.0,,0.0,0.0,0.0,
losato,rf,all,B10__B04,144,1,1.0,,1.0,1.0,1.0,
losato,rf,all,B12__B01,144,1,1.0,,1.0,1.0,1.0,
losato,rf,all,B12__B02,144,1,1.0,,1.0,1.0,1.0,
losato,rf,all,B12__B03,144,1,0.0,,0.0,0.0,0.0,
losato,rf,all,B12__B04,144,1,0.0,,0.0,0.0,0.0,
losato,rf,all,B13__B01,144,1,0.0,,0.0,0.0,0.0,
losato,rf,all,B13__B02,144,1,1.0,,1.0,1.0,1.0,
losato,rf,all,B13__B03,144,1,0.0,,0.0,0.0,0.0,
losato,rf,all,B13__B04,144,1,1.0,,0.0,0.0,0.0,
losato,rf,all,B14__B01,144,1,0.0,,0.0,0.0,0.0,
losato,rf,all,B14__B02,144,1,1.0,,1.0,1.0,1.0,
losato,rf,all,B14__B03,144,1,0.0,,0.0,0.0,0.0,
losato,rf,all,B14__B04,144,1,0.0,,0.0,0.0,0.0,
losato,rf,all,B15__B01,144,1,1.0,,1.0,1.0,1.0,
losato,rf,all,B15__B02,144,1,1.0,,1.0,1.0,1.0,
losato,rf,all,B15__B03,144,1,1.0,,1.0,1.0,1.0,
losato,rf,all,B15__B04,144,1,1.0,,1.0,1.0,1.0,
losato,rf,all,B16__B01,144,1,1.0,,1.0,1.0,1.0,
losato,rf,all,B16__B02,144,1,1.0,,1.0,1.0,1.0,
losato,rf,all,B16__B03,144,1,1.0,,1.0,1.0,1.0,
losato,rf,all,B16__B04,144,1,1.0,,1.0,1.0,1.0,
losato,rf,all,B17__B01,144,1,0.0,,0.0,0.0,0.0,
losato,rf,all,B17__B02,144,1,0.0,,0.0,0.0,0.0,
losato,rf,all,B17__B03,144,1,0.0,,0.0,0.0,0.0,
losato,rf,all,B17__B04,144,1,0.0,,0.0,0.0,0.0,
losato,rf,all,B18__B02,144,1,1.0,,1.0,1.0,1.0,
losato,rf,all,B18__B03,144,1,1.0,,1.0,1.0,1.0,
losato,rf,all,B18__B04,144,1,1.0,,1.0,1.0,1.0,
losato,rf,all,B19__B01,144,1,1.0,,1.0,1.0,1.0,
losato,rf,all,B19__B02,144,1,1.0,,1.0,1.0,1.0,
losato,rf,all,B19__B03,144,1,0.0,,0.0,0.0,0.0,
losato,rf,all,B19__B04,144,1,1.0,,1.0,1.0,1.0,
losato,rf,all,B20__B01,144,1,1.0,,1.0,1.0,1.0,
losato,rf,all,B20__B02,144,1,0.0,,0.0,0.0,0.0,
losato,rf,all,B20__B03,144,1,0.0,,0.0,0.0,0.0,
losato,rf,all,B20__B04,144,1,1.0,,1.0,1.0,1.0,
losato,svm,all,A01__A01,144,1,1.0,,0.0,0.0,0.0,
losato,svm,all,A01__A02,144,1,1.0,,0.0,0.0,0.0,
losato,svm,all,A01__A03,144,1,1.0,,0.0,0.0,0.0,
losato,svm,all,A03__A01,144,1,1.0,,0.0,0.0,0.0,
losato,svm,all,A03__A02,144,1,1.0,,0.0,0.0,0.0,
losato,svm,all,A03__A03,144,1,1.0,,0.0,0.0,0.0,
losato,svm,all,A04__A01,144,1,0.0,,0.0,0.0,0.0,
losato,svm,all,A04__A02,144,1,0.0,,0.0,0.0,0.0,
losato,svm,all,A04__A03,144,1,0.0,,0.0,0.0,0.0,
losato,svm,all,A05__A01,144,1,1.0,,0.0,0.0,0.0,
losato,svm,all,A05__A02,144,1,1.0,,0.0,0.0,0.0,
losato,svm,all,A05__A03,144,1,1.0,,0.0,0.0,0.0,
losato,svm,all,A06__A01,144,1,1.0,,0.0,0.0,0.0,
losato,svm,all,A06__A02,144,1,0.0,,0.0,0.0,0.0,
losato,svm,all,A06__A03,144,1,0.0,,0.0,0.0,0.0,
losato,svm,all,A07__A01,144,1,0.0,,0.0,0.0,0.0,
losato,svm,all,A07__A02,144,1,0.0,,0.0,0.0,0.0,
losato,svm,all,A07__A03,144,1,1.0,,0.0,0.0,0.0,
losato,svm,all,A08__A01,144,1,1.0,,0.0,0.0,0.0,
losato,svm,all,A08__A02,144,1,1.0,,0.0,0.0,0.0,
losato,svm,all,A08__A03,144,1,1.0,,0.0,0.0,0.0,
losato,svm,all,A09__A01,144,1,1.0,,0.0,0.0,0.0,
losato,svm,all,A09__A02,144,1,0.0,,0.0,0.0,0.0,
losato,svm,all,A09__A03,144,1,0.0,,0.0,0.0,0.0,
losato,svm,all,A10__A01,144,1,1.0,,0.0,0.0,0.0,
losato,svm,all,A10__A02,144,1,1.0,,0.0,0.0,0.0,
losato,svm,all,A10__A03,144,1,1.0,,0.0,0.0,0.0,
losato,svm,all,A11__A01,144,1,1.0,,0.0,0.0,0.0,
losato,svm,all,A11__A02,144,1,1.0,,0.0,0.0,0.0,
losato,svm,all,A11__A03,144,1,1.0,,0.0,0.0,0.0,
losato,svm,all,A12__A01,144,1,1.0,,0.0,0.0,0.0,
losato,svm,all,A12__A02,144,1,1.0,,0.0,0.0,0.0,
losato,svm,all,A12__A03,144,1,0.0,,0.0,0.0,0.0,
losato,svm,all,A13__A01,144,1,1.0,,0.0,0.0,0.0,
losato,svm,all,A13__A02,144,1,0.0,,0.0,0.0,0.0,
losato,svm,all,A13__A03,144,1,0.0,,0.0,0.0,0.0,
losato,svm,all,A14__A01,144,1,1.0,,0.0,0.0,0.0,
losato,svm,all,A14__A02,144,1,1.0,,0.0,0.0,0.0,
losato,svm,all,A14__A03,144,1,1.0,,0.0,0.0,0.0,
losato,svm,all,A15__A01,144,1,0.0,,0.0,0.0,0.0,
losato,svm,all,A15__A02,144,1,1.0,,0.0,0.0,0.0,
losato,svm,all,A15__A03,144,1,0.0,,0.0,0.0,0.0,
losato,svm,all,A16__A01,144,1,1.0,,0.0,0.0,0.0,
losato,svm,all,A16__A02,144,1,1.0,,0.0,0.0,0.0,
losato,svm,all,A16__A03,144,1,1.0,,0.0,0.0,0.0,
losato,svm,all,A17__A01,144,1,1.0,,0.0,0.0,0.0,
losato,svm,all,A17__A02,144,1,0.0,,0.0,0.0,0.0,
losato,svm,all,A17__A03,144,1,1.0,,1.0,1.0,1.0,
losato,svm,all,A19__A01,144,1,1.0,,0.0,0.0,0.0,
losato,svm,all,A19__A02,144,1,1.0,,0.0,0.0,0.0,
losato,svm,all,A19__A03,144,1,0.0,,0.0,0.0,0.0,
losato,svm,all,A20__A01,144,1,1.0,,1.0,1.0,1.0,
losato,svm,all,A20__A02,144,1,0.0,,0.0,0.0,0.0,
losato,svm,all,A20__A03,144,1,0.0,,0.0,0.0,0.0,
losato,svm,all,A21__A01,144,1,1.0,,0.0,0.0,0.0,
losato,svm,all,A21__A02,144,1,1.0,,0.0,0.0,0.0,
losato,svm,all,A21__A03,144,1,0.0,,0.0,0.0,0.0,
losato,svm,all,A22__A01,144,1,1.0,,0.0,0.0,0.0,
losato,svm,all,A22__A02,144,1,0.0,,0.0,0.0,0.0,
losato,svm,all,A22__A03,144,1,0.0,,0.0,0.0,0.0,
losato,svm,all,A23__A01,144,1,1.0,,0.0,0.0,0.0,
losato,svm,all,A23__A02,144,1,1.0,,0.0,0.0,0.0,
losato,svm,all,A23__A03,144,1,1.0,,0.0,0.0,0.0,
losato,svm,all,A24__A01,144,1,0.0,,0.0,0.0,0.0,
losato,svm,all,A24__A02,144,1,0.0,,0.0,0.0,0.0,
losato,svm,all,A24__A03,144,1,0.0,,0.0,0.0,0.0,
losato,svm,all,A25__A01,144,1,1.0,,0.0,0.0,0.0,
losato,svm,all,A25__A02,144,1,1.0,,0.0,0.0,0.0,
losato,svm,all,A25__A03,144,1,1.0,,0.0,0.0,0.0,
losato,svm,all,A27__A01,144,1,1.0,,0.0,0.0,0.0,
losato,svm,all,A27__A02,144,1,1.0,,1.0,1.0,1.0,
losato,svm,all,A27__A03,144,1,1.0,,1.0,1.0,1.0,
losato,svm,all,A28__A01,144,1,1.0,,0.0,0.0,0.0,
losato,svm,all,A28__A02,144,1,0.0,,0.0,0.0,0.0,
losato,svm,all,A28__A03,144,1,1.0,,0.0,0.0,0.0,
losato,svm,all,A30__A01,144,1,0.0,,0.0,0.0,0.0,
losato,svm,all,A30__A02,144,1,0.0,,0.0,0.0,0.0,
losato,svm,all,A30__A03,144,1,0.0,,0.0,0.0,0.0,
losato,svm,all,B01__B01,144,1,1.0,,1.0,1.0,1.0,
losato,svm,all,B01__B02,144,1,0.0,,0.0,0.0,0.0,
losato,svm,all,B01__B03,144,1,1.0,,1.0,1.0,1.0,
losato,svm,all,B01__B04,144,1,0.0,,0.0,0.0,0.0,
losato,svm,all,B02__B01,144,1,1.0,,1.0,1.0,1.0,
losato,svm,all,B02__B02,144,1,1.0,,1.0,1.0,1.0,
losato,svm,all,B02__B03,144,1,1.0,,1.0,1.0,1.0,
losato,svm,all,B02__B04,144,1,1.0,,1.0,1.0,1.0,
losato,svm,all,B03__B01,144,1,0.0,,0.0,0.0,0.0,
losato,svm,all,B03__B02,144,1,1.0,,1.0,1.0,1.0,
losato,svm,all,B03__B03,144,1,1.0,,1.0,1.0,1.0,
losato,svm,all,B03__B04,144,1,0.0,,0.0,0.0,0.0,
losato,svm,all,B06__B01,144,1,1.0,,1.0,1.0,1.0,
losato,svm,all,B06__B02,144,1,1.0,,1.0,1.0,1.0,
losato,svm,all,B06__B03,144,1,1.0,,1.0,1.0,1.0,
losato,svm,all,B06__B04,144,1,1.0,,1.0,1.0,1.0,
losato,svm,all,B07__B01,144,1,1.0,,1.0,1.0,1.0,
losato,svm,all,B07__B02,144,1,1.0,,1.0,1.0,1.0,
losato,svm,all,B07__B03,144,1,1.0,,1.0,1.0,1.0,
losato,svm,all,B07__B04,144,1,1.0,,1.0,1.0,1.0,
losato,svm,all,B08__B01,144,1,1.0,,1.0,1.0,1.0,
losato,svm,all,B08__B02,144,1,0.0,,0.0,0.0,0.0,
losato,svm,all,B08__B03,144,1,0.0,,0.0,0.0,0.0,
losato,svm,all,B08__B04,144,1,1.0,,1.0,1.0,1.0,
losato,svm,all,B09__B01,144,1,1.0,,1.0,1.0,1.0,
losato,svm,all,B09__B02,144,1,1.0,,1.0,1.0,1.0,
losato,svm,all,B09__B03,144,1,0.0,,0.0,0.0,0.0,
losato,svm,all,B09__B04,144,1,1.0,,1.0,1.0,1.0,
losato,svm,all,B10__B01,144,1,1.0,,1.0,1.0,1.0,
losato,svm,all,B10__B02,144,1,1.0,,1.0,1.0,1.0,
losato,svm,all,B10__B03,144,1,0.0,,0.0,0.0,0.0,
losato,svm,all,B10__B04,144,1,1.0,,1.0,1.0,1.0,
losato,svm,all,B12__B01,144,1,1.0,,1.0,1.0,1.0,
losato,svm,all,B12__B02,144,1,1.0,,1.0,1.0,1.0,
losato,svm,all,B12__B03,144,1,1.0,,1.0,1.0,1.0,
losato,svm,all,B12__B04,144,1,0.0,,0.0,0.0,0.0,
losato,svm,all,B13__B01,144,1,0.0,,0.0,0.0,0.0,
losato,svm,all,B13__B02,144,1,0.0,,0.0,0.0,0.0,
losato,svm,all,B13__B03,144,1,0.0,,0.0,0.0,0.0,
losato,svm,all,B13__B04,144,1,1.0,,0.0,0.0,0.0,
losato,svm,all,B14__B01,144,1,0.0,,0.0,0.0,0.0,
losato,svm,all,B14__B02,144,1,1.0,,1.0,1.0,1.0,
losato,svm,all,B14__B03,144,1,0.0,,0.0,0.0,0.0,
losato,svm,all,B14__B04,144,1,1.0,,1.0,1.0,1.0,
losato,svm,all,B15__B01,144,1,1.0,,1.0,1.0,1.0,
losato,svm,all,B15__B02,144,1,1.0,,1.0,1.0,1.0,
losato,svm,all,B15__B03,144,1,1.0,,1.0,1.0,1.0,
losato,svm,all,B15__B04,144,1,1.0,,1.0,1.0,1.0,
losato,svm,all,B16__B01,144,1,1.0,,1.0,1.0,1.0,
losato,svm,all,B16__B02,144,1,1.0,,1.0,1.0,1.0,
losato,svm,all,B16__B03,144,1,1.0,,1.0,1.0,1.0,
losato,svm,all,B16__B04,144,1,1.0,,1.0,1.0,1.0,
losato,svm,all,B17__B01,144,1,0.0,,0.0,0.0,0.0,
losato,svm,all,B17__B02,144,1,0.0,,0.0,0.0,0.0,
losato,svm,all,B17__B03,144,1,0.0,,0.0,0.0,0.0,
losato,svm,all,B17__B04,144,1,0.0,,0.0,0.0,0.0,
losato,svm,all,B18__B02,144,1,1.0,,1.0,1.0,1.0,
losato,svm,all,B18__B03,144,1,1.0,,1.0,1.0,1.0,
losato,svm,all,B18__B04,144,1,1.0,,1.0,1.0,1.0,
losato,svm,all,B19__B01,144,1,1.0,,1.0,1.0,1.0,
losato,svm,all,B19__B02,144,1,1.0,,1.0,1.0,1.0,
losato,svm,all,B19__B03,144,1,0.0,,0.0,0.0,0.0,
losato,svm,all,B19__B04,144,1,1.0,,1.0,1.0,1.0,
losato,svm,all,B20__B01,144,1,1.0,,1.0,1.0,1.0,
losato,svm,all,B20__B02,144,1,1.0,,1.0,1.0,1.0,
losato,svm,all,B20__B03,144,1,0.0,,0.0,0.0,0.0,
losato,svm,all,B20__B04,144,1,1.0,,1.0,1.0,1.0,
losato,knn,all,A01__A01,144,1,1.0,,0.0,0.0,0.0,
losato,knn,all,A01__A02,144,1,1.0,,0.0,0.0,0.0,
losato,knn,all,A01__A03,144,1,1.0,,0.0,0.0,0.0,
losato,knn,all,A03__A01,144,1,1.0,,0.0,0.0,0.0,
losato,knn,all,A03__A02,144,1,1.0,,0.0,0.0,0.0,
losato,knn,all,A03__A03,144,1,1.0,,0.0,0.0,0.0,
losato,knn,all,A04__A01,144,1,1.0,,1.0,1.0,1.0,
losato,knn,all,A04__A02,144,1,0.0,,0.0,0.0,0.0,
losato,knn,all,A04__A03,144,1,0.0,,0.0,0.0,0.0,
losato,knn,all,A05__A01,144,1,1.0,,0.0,0.0,0.0,
losato,knn,all,A05__A02,144,1,1.0,,0.0,0.0,0.0,
losato,knn,all,A05__A03,144,1,0.0,,0.0,0.0,0.0,
losato,knn,all,A06__A01,144,1,1.0,,0.0,0.0,0.0,
losato,knn,all,A06__A02,144,1,1.0,,1.0,1.0,1.0,
losato,knn,all,A06__A03,144,1,0.0,,0.0,0.0,0.0,
losato,knn,all,A07__A01,144,1,0.0,,0.0,0.0,0.0,
losato,knn,all,A07__A02,144,1,0.0,,0.0,0.0,0.0,
losato,knn,all,A07__A03,144,1,0.0,,0.0,0.0,0.0,
losato,knn,all,A08__A01,144,1,1.0,,0.0,0.0,0.0,
losato,knn,all,A08__A02,144,1,0.0,,0.0,0.0,0.0,
losato,knn,all,A08__A03,144,1,0.0,,0.0,0.0,0.0,
losato,knn,all,A09__A01,144,1,1.0,,0.0,0.0,0.0,
losato,knn,all,A09__A02,144,1,0.0,,0.0,0.0,0.0,
losato,knn,all,A09__A03,144,1,0.0,,0.0,0.0,0.0,
losato,knn,all,A10__A01,144,1,1.0,,0.0,0.0,0.0,
losato,knn,all,A10__A02,144,1,1.0,,0.0,0.0,0.0,
losato,knn,all,A10__A03,144,1,1.0,,0.0,0.0,0.0,
losato,knn,all,A11__A01,144,1,1.0,,0.0,0.0,0.0,
losato,knn,all,A11__A02,144,1,1.0,,0.0,0.0,0.0,
losato,knn,all,A11__A03,144,1,1.0,,0.0,0.0,0.0,
losato,knn,all,A12__A01,144,1,1.0,,0.0,0.0,0.0,
losato,knn,all,A12__A02,144,1,1.0,,0.0,0.0,0.0,
losato,knn,all,A12__A03,144,1,0.0,,0.0,0.0,0.0,
losato,knn,all,A13__A01,144,1,1.0,,0.0,0.0,0.0,
losato,knn,all,A13__A02,144,1,0.0,,0.0,0.0,0.0,
losato,knn,all,A13__A03,144,1,1.0,,1.0,1.0,1.0,
losato,knn,all,A14__A01,144,1,1.0,,0.0,0.0,0.0,
losato,knn,all,A14__A02,144,1,1.0,,0.0,0.0,0.0,
losato,knn,all,A14__A03,144,1,1.0,,0.0,0.0,0.0,
losato,knn,all,A15__A01,144,1,0.0,,0.0,0.0,0.0,
losato,knn,all,A15__A02,144,1,0.0,,0.0,0.0,0.0,
losato,knn,all,A15__A03,144,1,0.0,,0.0,0.0,0.0,
losato,knn,all,A16__A01,144,1,1.0,,0.0,0.0,0.0,
losato,knn,all,A16__A02,144,1,1.0,,0.0,0.0,0.0,
losato,knn,all,A16__A03,144,1,1.0,,0.0,0.0,0.0,
losato,knn,all,A17__A01,144,1,0.0,,0.0,0.0,0.0,
losato,knn,all,A17__A02,144,1,0.0,,0.0,0.0,0.0,
losato,knn,all,A17__A03,144,1,1.0,,1.0,1.0,1.0,
losato,knn,all,A19__A01,144,1,1.0,,0.0,0.0,0.0,
losato,knn,all,A19__A02,144,1,0.0,,0.0,0.0,0.0,
losato,knn,all,A19__A03,144,1,1.0,,1.0,1.0,1.0,
losato,knn,all,A20__A01,144,1,0.0,,0.0,0.0,0.0,
losato,knn,all,A20__A02,144,1,1.0,,1.0,1.0,1.0,
losato,knn,all,A20__A03,144,1,0.0,,0.0,0.0,0.0,
losato,knn,all,A21__A01,144,1,1.0,,0.0,0.0,0.0,
losato,knn,all,A21__A02,144,1,0.0,,0.0,0.0,0.0,
losato,knn,all,A21__A03,144,1,0.0,,0.0,0.0,0.0,
losato,knn,all,A22__A01,144,1,0.0,,0.0,0.0,0.0,
losato,knn,all,A22__A02,144,1,1.0,,1.0,1.0,1.0,
losato,knn,all,A22__A03,144,1,1.0,,1.0,1.0,1.0,
losato,knn,all,A23__A01,144,1,1.0,,0.0,0.0,0.0,
losato,knn,all,A23__A02,144,1,1.0,,0.0,0.0,0.0,
losato,knn,all,A23__A03,144,1,1.0,,0.0,0.0,0.0,
losato,knn,all,A24__A01,144,1,0.0,,0.0,0.0,0.0,
losato,knn,all,A24__A02,144,1,0.0,,0.0,0.0,0.0,
losato,knn,all,A24__A03,144,1,1.0,,1.0,1.0,1.0,
losato,knn,all,A25__A01,144,1,1.0,,0.0,0.0,0.0,
losato,knn,all,A25__A02,144,1,1.0,,0.0,0.0,0.0,
losato,knn,all,A25__A03,144,1,1.0,,0.0,0.0,0.0,
losato,knn,all,A27__A01,144,1,1.0,,0.0,0.0,0.0,
losato,knn,all,A27__A02,144,1,1.0,,1.0,1.0,1.0,
losato,knn,all,A27__A03,144,1,1.0,,1.0,1.0,1.0,
losato,knn,all,A28__A01,144,1,1.0,,0.0,0.0,0.0,
losato,knn,all,A28__A02,144,1,0.0,,0.0,0.0,0.0,
losato,knn,all,A28__A03,144,1,0.0,,0.0,0.0,0.0,
losato,knn,all,A30__A01,144,1,0.0,,0.0,0.0,0.0,
losato,knn,all,A30__A02,144,1,1.0,,1.0,1.0,1.0,
losato,knn,all,A30__A03,144,1,1.0,,1.0,1.0,1.0,
losato,knn,all,B01__B01,144,1,1.0,,1.0,1.0,1.0,
losato,knn,all,B01__B02,144,1,0.0,,0.0,0.0,0.0,
losato,knn,all,B01__B03,144,1,0.0,,0.0,0.0,0.0,
losato,knn,all,B01__B04,144,1,0.0,,0.0,0.0,0.0,
losato,knn,all,B02__B01,144,1,1.0,,1.0,1.0,1.0,
losato,knn,all,B02__B02,144,1,1.0,,1.0,1.0,1.0,
losato,knn,all,B02__B03,144,1,1.0,,1.0,1.0,1.0,
losato,knn,all,B02__B04,144,1,1.0,,1.0,1.0,1.0,
losato,knn,all,B03__B01,144,1,0.0,,0.0,0.0,0.0,
losato,knn,all,B03__B02,144,1,1.0,,1.0,1.0,1.0,
losato,knn,all,B03__B03,144,1,0.0,,0.0,0.0,0.0,
losato,knn,all,B03__B04,144,1,0.0,,0.0,0.0,0.0,
losato,knn,all,B06__B01,144,1,1.0,,1.0,1.0,1.0,
losato,knn,all,B06__B02,144,1,1.0,,1.0,1.0,1.0,
losato,knn,all,B06__B03,144,1,1.0,,1.0,1.0,1.0,
losato,knn,all,B06__B04,144,1,1.0,,1.0,1.0,1.0,
losato,knn,all,B07__B01,144,1,1.0,,1.0,1.0,1.0,
losato,knn,all,B07__B02,144,1,1.0,,1.0,1.0,1.0,
losato,knn,all,B07__B03,144,1,1.0,,1.0,1.0,1.0,
losato,knn,all,B07__B04,144,1,1.0,,1.0,1.0,1.0,
losato,knn,all,B08__B01,144,1,1.0,,1.0,1.0,1.0,
losato,knn,all,B08__B02,144,1,0.0,,0.0,0.0,0.0,
losato,knn,all,B08__B03,144,1,0.0,,0.0,0.0,0.0,
losato,knn,all,B08__B04,144,1,0.0,,0.0,0.0,0.0,
losato,knn,all,B09__B01,144,1,1.0,,1.0,1.0,1.0,
losato,knn,all,B09__B02,144,1,1.0,,1.0,1.0,1.0,
losato,knn,all,B09__B03,144,1,1.0,,0.0,0.0,0.0,
losato,knn,all,B09__B04,144,1,1.0,,1.0,1.0,1.0,
losato,knn,all,B10__B01,144,1,1.0,,1.0,1.0,1.0,
losato,knn,all,B10__B02,144,1,1.0,,1.0,1.0,1.0,
losato,knn,all,B10__B03,144,1,0.0,,0.0,0.0,0.0,
losato,knn,all,B10__B04,144,1,1.0,,1.0,1.0,1.0,
losato,knn,all,B12__B01,144,1,1.0,,1.0,1.0,1.0,
losato,knn,all,B12__B02,144,1,0.0,,0.0,0.0,0.0,
losato,knn,all,B12__B03,144,1,0.0,,0.0,0.0,0.0,
losato,knn,all,B12__B04,144,1,0.0,,0.0,0.0,0.0,
losato,knn,all,B13__B01,144,1,1.0,,0.0,0.0,0.0,
losato,knn,all,B13__B02,144,1,0.0,,0.0,0.0,0.0,
losato,knn,all,B13__B03,144,1,0.0,,0.0,0.0,0.0,
losato,knn,all,B13__B04,144,1,1.0,,0.0,0.0,0.0,
losato,knn,all,B14__B01,144,1,0.0,,0.0,0.0,0.0,
losato,knn,all,B14__B02,144,1,1.0,,1.0,1.0,1.0,
losato,knn,all,B14__B03,144,1,0.0,,0.0,0.0,0.0,
losato,knn,all,B14__B04,144,1,1.0,,1.0,1.0,1.0,
losato,knn,all,B15__B01,144,1,1.0,,1.0,1.0,1.0,
losato,knn,all,B15__B02,144,1,1.0,,1.0,1.0,1.0,
losato,knn,all,B15__B03,144,1,1.0,,1.0,1.0,1.0,
losato,knn,all,B15__B04,144,1,1.0,,1.0,1.0,1.0,
losato,knn,all,B16__B01,144,1,1.0,,1.0,1.0,1.0,
losato,knn,all,B16__B02,144,1,1.0,,1.0,1.0,1.0,
losato,knn,all,B16__B03,144,1,1.0,,1.0,1.0,1.0,
losato,knn,all,B16__B04,144,1,1.0,,1.0,1.0,1.0,
losato,knn,all,B17__B01,144,1,0.0,,0.0,0.0,0.0,
losato,knn,all,B17__B02,144,1,0.0,,0.0,0.0,0.0,
losato,knn,all,B17__B03,144,1,0.0,,0.0,0.0,0.0,
losato,knn,all,B17__B04,144,1,0.0,,0.0,0.0,0.0,
losato,knn,all,B18__B02,144,1,1.0,,1.0,1.0,1.0,
losato,knn,all,B18__B03,144,1,1.0,,1.0,1.0,1.0,
losato,knn,all,B18__B04,144,1,1.0,,1.0,1.0,1.0,
losato,knn,all,B19__B01,144,1,1.0,,1.0,1.0,1.0,
losato,knn,all,B19__B02,144,1,1.0,,1.0,1.0,1.0,
losato,knn,all,B19__B03,144,1,0.0,,0.0,0.0,0.0,
losato,knn,all,B19__B04,144,1,1.0,,1.0,1.0,1.0,
losato,knn,all,B20__B01,144,1,1.0,,1.0,1.0,1.0,
losato,knn,all,B20__B02,144,1,1.0,,1.0,1.0,1.0,
losato,knn,all,B20__B03,144,1,0.0,,0.0,0.0,0.0,
losato,knn,all,B20__B04,144,1,1.0,,1.0,1.0,1.0,
losato,gb,all,A01__A01,144,1,0.0,,0.0,0.0,0.0,
losato,gb,all,A01__A02,144,1,0.0,,0.0,0.0,0.0,
losato,gb,all,A01__A03,144,1,1.0,,0.0,0.0,0.0,
losato,gb,all,A03__A01,144,1,1.0,,0.0,0.0,0.0,
losato,gb,all,A03__A02,144,1,1.0,,0.0,0.0,0.0,
losato,gb,all,A03__A03,144,1,1.0,,0.0,0.0,0.0,
losato,gb,all,A04__A01,144,1,0.0,,0.0,0.0,0.0,
losato,gb,all,A04__A02,144,1,0.0,,0.0,0.0,0.0,
losato,gb,all,A04__A03,144,1,0.0,,0.0,0.0,0.0,
losato,gb,all,A05__A01,144,1,1.0,,0.0,0.0,0.0,
losato,gb,all,A05__A02,144,1,1.0,,0.0,0.0,0.0,
losato,gb,all,A05__A03,144,1,1.0,,0.0,0.0,0.0,
losato,gb,all,A06__A01,144,1,1.0,,0.0,0.0,0.0,
losato,gb,all,A06__A02,144,1,0.0,,0.0,0.0,0.0,
losato,gb,all,A06__A03,144,1,0.0,,0.0,0.0,0.0,
losato,gb,all,A07__A01,144,1,0.0,,0.0,0.0,0.0,
losato,gb,all,A07__A02,144,1,0.0,,0.0,0.0,0.0,
losato,gb,all,A07__A03,144,1,0.0,,0.0,0.0,0.0,
losato,gb,all,A08__A01,144,1,1.0,,0.0,0.0,0.0,
losato,gb,all,A08__A02,144,1,0.0,,0.0,0.0,0.0,
losato,gb,all,A08__A03,144,1,1.0,,0.0,0.0,0.0,
losato,gb,all,A09__A01,144,1,0.0,,0.0,0.0,0.0,
losato,gb,all,A09__A02,144,1,0.0,,0.0,0.0,0.0,
losato,gb,all,A09__A03,144,1,0.0,,0.0,0.0,0.0,
losato,gb,all,A10__A01,144,1,1.0,,0.0,0.0,0.0,
losato,gb,all,A10__A02,144,1,0.0,,0.0,0.0,0.0,
losato,gb,all,A10__A03,144,1,1.0,,0.0,0.0,0.0,
losato,gb,all,A11__A01,144,1,1.0,,0.0,0.0,0.0,
losato,gb,all,A11__A02,144,1,1.0,,0.0,0.0,0.0,
losato,gb,all,A11__A03,144,1,1.0,,0.0,0.0,0.0,
losato,gb,all,A12__A01,144,1,1.0,,0.0,0.0,0.0,
losato,gb,all,A12__A02,144,1,1.0,,0.0,0.0,0.0,
losato,gb,all,A12__A03,144,1,0.0,,0.0,0.0,0.0,
losato,gb,all,A13__A01,144,1,0.0,,0.0,0.0,0.0,
losato,gb,all,A13__A02,144,1,1.0,,1.0,1.0,1.0,
losato,gb,all,A13__A03,144,1,0.0,,0.0,0.0,0.0,
losato,gb,all,A14__A01,144,1,1.0,,0.0,0.0,0.0,
losato,gb,all,A14__A02,144,1,1.0,,0.0,0.0,0.0,
losato,gb,all,A14__A03,144,1,1.0,,0.0,0.0,0.0,
losato,gb,all,A15__A01,144,1,0.0,,0.0,0.0,0.0,
losato,gb,all,A15__A02,144,1,0.0,,0.0,0.0,0.0,
losato,gb,all,A15__A03,144,1,0.0,,0.0,0.0,0.0,
losato,gb,all,A16__A01,144,1,1.0,,0.0,0.0,0.0,
losato,gb,all,A16__A02,144,1,1.0,,0.0,0.0,0.0,
losato,gb,all,A16__A03,144,1,1.0,,0.0,0.0,0.0,
losato,gb,all,A17__A01,144,1,1.0,,0.0,0.0,0.0,
losato,gb,all,A17__A02,144,1,1.0,,0.0,0.0,0.0,
losato,gb,all,A17__A03,144,1,0.0,,0.0,0.0,0.0,
losato,gb,all,A19__A01,144,1,0.0,,0.0,0.0,0.0,
losato,gb,all,A19__A02,144,1,0.0,,0.0,0.0,0.0,
losato,gb,all,A19__A03,144,1,0.0,,0.0,0.0,0.0,
losato,gb,all,A20__A01,144,1,1.0,,1.0,1.0,1.0,
losato,gb,all,A20__A02,144,1,1.0,,1.0,1.0,1.0,
losato,gb,all,A20__A03,144,1,1.0,,1.0,1.0,1.0,
losato,gb,all,A21__A01,144,1,1.0,,0.0,0.0,0.0,
losato,gb,all,A21__A02,144,1,0.0,,0.0,0.0,0.0,
losato,gb,all,A21__A03,144,1,0.0,,0.0,0.0,0.0,
losato,gb,all,A22__A01,144,1,1.0,,0.0,0.0,0.0,
losato,gb,all,A22__A02,144,1,0.0,,0.0,0.0,0.0,
losato,gb,all,A22__A03,144,1,1.0,,1.0,1.0,1.0,
losato,gb,all,A23__A01,144,1,1.0,,0.0,0.0,0.0,
losato,gb,all,A23__A02,144,1,1.0,,0.0,0.0,0.0,
losato,gb,all,A23__A03,144,1,1.0,,0.0,0.0,0.0,
losato,gb,all,A24__A01,144,1,0.0,,0.0,0.0,0.0,
losato,gb,all,A24__A02,144,1,1.0,,1.0,1.0,1.0,
losato,gb,all,A24__A03,144,1,1.0,,1.0,1.0,1.0,
losato,gb,all,A25__A01,144,1,1.0,,0.0,0.0,0.0,
losato,gb,all,A25__A02,144,1,1.0,,0.0,0.0,0.0,
losato,gb,all,A25__A03,144,1,1.0,,0.0,0.0,0.0,
losato,gb,all,A27__A01,144,1,0.0,,0.0,0.0,0.0,
losato,gb,all,A27__A02,144,1,1.0,,1.0,1.0,1.0,
losato,gb,all,A27__A03,144,1,1.0,,1.0,1.0,1.0,
losato,gb,all,A28__A01,144,1,1.0,,0.0,0.0,0.0,
losato,gb,all,A28__A02,144,1,0.0,,0.0,0.0,0.0,
losato,gb,all,A28__A03,144,1,1.0,,0.0,0.0,0.0,
losato,gb,all,A30__A01,144,1,1.0,,1.0,1.0,1.0,
losato,gb,all,A30__A02,144,1,1.0,,1.0,1.0,1.0,
losato,gb,all,A30__A03,144,1,1.0,,1.0,1.0,1.0,
losato,gb,all,B01__B01,144,1,1.0,,1.0,1.0,1.0,
losato,gb,all,B01__B02,144,1,0.0,,0.0,0.0,0.0,
losato,gb,all,B01__B03,144,1,1.0,,1.0,1.0,1.0,
losato,gb,all,B01__B04,144,1,0.0,,0.0,0.0,0.0,
losato,gb,all,B02__B01,144,1,1.0,,1.0,1.0,1.0,
losato,gb,all,B02__B02,144,1,1.0,,1.0,1.0,1.0,
losato,gb,all,B02__B03,144,1,1.0,,1.0,1.0,1.0,
losato,gb,all,B02__B04,144,1,1.0,,1.0,1.0,1.0,
losato,gb,all,B03__B01,144,1,1.0,,0.0,0.0,0.0,
losato,gb,all,B03__B02,144,1,1.0,,1.0,1.0,1.0,
losato,gb,all,B03__B03,144,1,1.0,,1.0,1.0,1.0,
losato,gb,all,B03__B04,144,1,0.0,,0.0,0.0,0.0,
losato,gb,all,B06__B01,144,1,1.0,,1.0,1.0,1.0,
losato,gb,all,B06__B02,144,1,1.0,,1.0,1.0,1.0,
losato,gb,all,B06__B03,144,1,1.0,,1.0,1.0,1.0,
losato,gb,all,B06__B04,144,1,1.0,,1.0,1.0,1.0,
losato,gb,all,B07__B01,144,1,1.0,,1.0,1.0,1.0,
losato,gb,all,B07__B02,144,1,1.0,,1.0,1.0,1.0,
losato,gb,all,B07__B03,144,1,1.0,,1.0,1.0,1.0,
losato,gb,all,B07__B04,144,1,1.0,,1.0,1.0,1.0,
losato,gb,all,B08__B01,144,1,1.0,,1.0,1.0,1.0,
losato,gb,all,B08__B02,144,1,0.0,,0.0,0.0,0.0,
losato,gb,all,B08__B03,144,1,0.0,,0.0,0.0,0.0,
losato,gb,all,B08__B04,144,1,1.0,,1.0,1.0,1.0,
losato,gb,all,B09__B01,144,1,1.0,,1.0,1.0,1.0,
losato,gb,all,B09__B02,144,1,1.0,,1.0,1.0,1.0,
losato,gb,all,B09__B03,144,1,0.0,,0.0,0.0,0.0,
losato,gb,all,B09__B04,144,1,1.0,,1.0,1.0,1.0,
losato,gb,all,B10__B01,144,1,1.0,,1.0,1.0,1.0,
losato,gb,all,B10__B02,144,1,0.0,,0.0,0.0,0.0,
losato,gb,all,B10__B03,144,1,0.0,,0.0,0.0,0.0,
losato,gb,all,B10__B04,144,1,0.0,,0.0,0.0,0.0,
losato,gb,all,B12__B01,144,1,1.0,,1.0,1.0,1.0,
losato,gb,all,B12__B02,144,1,0.0,,0.0,0.0,0.0,
losato,gb,all,B12__B03,144,1,0.0,,0.0,0.0,0.0,
losato,gb,all,B12__B04,144,1,0.0,,0.0,0.0,0.0,
losato,gb,all,B13__B01,144,1,0.0,,0.0,0.0,0.0,
losato,gb,all,B13__B02,144,1,1.0,,1.0,1.0,1.0,
losato,gb,all,B13__B03,144,1,1.0,,0.0,0.0,0.0,
losato,gb,all,B13__B04,144,1,1.0,,0.0,0.0,0.0,
losato,gb,all,B14__B01,144,1,0.0,,0.0,0.0,0.0,
losato,gb,all,B14__B02,144,1,1.0,,1.0,1.0,1.0,
losato,gb,all,B14__B03,144,1,0.0,,0.0,0.0,0.0,
losato,gb,all,B14__B04,144,1,0.0,,0.0,0.0,0.0,
losato,gb,all,B15__B01,144,1,1.0,,1.0,1.0,1.0,
losato,gb,all,B15__B02,144,1,1.0,,1.0,1.0,1.0,
losato,gb,all,B15__B03,144,1,1.0,,1.0,1.0,1.0,
losato,gb,all,B15__B04,144,1,1.0,,1.0,1.0,1.0,
losato,gb,all,B16__B01,144,1,0.0,,0.0,0.0,0.0,
losato,gb,all,B16__B02,144,1,1.0,,1.0,1.0,1.0,
losato,gb,all,B16__B03,144,1,1.0,,1.0,1.0,1.0,
losato,gb,all,B16__B04,144,1,1.0,,1.0,1.0,1.0,
losato,gb,all,B17__B01,144,1,1.0,,0.0,0.0,0.0,
losato,gb,all,B17__B02,144,1,0.0,,0.0,0.0,0.0,
losato,gb,all,B17__B03,144,1,0.0,,0.0,0.0,0.0,
losato,gb,all,B17__B04,144,1,0.0,,0.0,0.0,0.0,
losato,gb,all,B18__B02,144,1,1.0,,1.0,1.0,1.0,
losato,gb,all,B18__B03,144,1,1.0,,1.0,1.0,1.0,
losato,gb,all,B18__B04,144,1,1.0,,1.0,1.0,1.0,
losato,gb,all,B19__B01,144,1,1.0,,1.0,1.0,1.0,
losato,gb,all,B19__B02,144,1,1.0,,1.0,1.0,1.0,
losato,gb,all,B19__B03,144,1,0.0,,0.0,0.0,0.0,
losato,gb,all,B19__B04,144,1,1.0,,1.0,1.0,1.0,
losato,gb,all,B20__B01,144,1,1.0,,1.0,1.0,1.0,
losato,gb,all,B20__B02,144,1,0.0,,0.0,0.0,0.0,
losato,gb,all,B20__B03,144,1,0.0,,0.0,0.0,0.0,
losato,gb,all,B20__B04,144,1,1.0,,1.0,1.0,1.0,
losato,nb,all,A01__A01,144,1,1.0,,0.0,0.0,0.0,
losato,nb,all,A01__A02,144,1,1.0,,0.0,0.0,0.0,
losato,nb,all,A01__A03,144,1,1.0,,0.0,0.0,0.0,
losato,nb,all,A03__A01,144,1,1.0,,0.0,0.0,0.0,
losato,nb,all,A03__A02,144,1,1.0,,0.0,0.0,0.0,
losato,nb,all,A03__A03,144,1,1.0,,0.0,0.0,0.0,
losato,nb,all,A04__A01,144,1,0.0,,0.0,0.0,0.0,
losato,nb,all,A04__A02,144,1,0.0,,0.0,0.0,0.0,
losato,nb,all,A04__A03,144,1,1.0,,0.0,0.0,0.0,
losato,nb,all,A05__A01,144,1,1.0,,0.0,0.0,0.0,
losato,nb,all,A05__A02,144,1,1.0,,0.0,0.0,0.0,
losato,nb,all,A05__A03,144,1,1.0,,0.0,0.0,0.0,
losato,nb,all,A06__A01,144,1,1.0,,0.0,0.0,0.0,
losato,nb,all,A06__A02,144,1,0.0,,0.0,0.0,0.0,
losato,nb,all,A06__A03,144,1,0.0,,0.0,0.0,0.0,
losato,nb,all,A07__A01,144,1,0.0,,0.0,0.0,0.0,
losato,nb,all,A07__A02,144,1,0.0,,0.0,0.0,0.0,
losato,nb,all,A07__A03,144,1,1.0,,0.0,0.0,0.0,
losato,nb,all,A08__A01,144,1,1.0,,0.0,0.0,0.0,
losato,nb,all,A08__A02,144,1,1.0,,0.0,0.0,0.0,
losato,nb,all,A08__A03,144,1,1.0,,0.0,0.0,0.0,
losato,nb,all,A09__A01,144,1,1.0,,0.0,0.0,0.0,
losato,nb,all,A09__A02,144,1,0.0,,0.0,0.0,0.0,
losato,nb,all,A09__A03,144,1,0.0,,0.0,0.0,0.0,
losato,nb,all,A10__A01,144,1,1.0,,0.0,0.0,0.0,
losato,nb,all,A10__A02,144,1,1.0,,0.0,0.0,0.0,
losato,nb,all,A10__A03,144,1,1.0,,0.0,0.0,0.0,
losato,nb,all,A11__A01,144,1,1.0,,0.0,0.0,0.0,
losato,nb,all,A11__A02,144,1,1.0,,0.0,0.0,0.0,
losato,nb,all,A11__A03,144,1,1.0,,0.0,0.0,0.0,
losato,nb,all,A12__A01,144,1,1.0,,0.0,0.0,0.0,
losato,nb,all,A12__A02,144,1,1.0,,0.0,0.0,0.0,
losato,nb,all,A12__A03,144,1,0.0,,0.0,0.0,0.0,
losato,nb,all,A13__A01,144,1,1.0,,0.0,0.0,0.0,
losato,nb,all,A13__A02,144,1,0.0,,0.0,0.0,0.0,
losato,nb,all,A13__A03,144,1,0.0,,0.0,0.0,0.0,
losato,nb,all,A14__A01,144,1,1.0,,0.0,0.0,0.0,
losato,nb,all,A14__A02,144,1,1.0,,0.0,0.0,0.0,
losato,nb,all,A14__A03,144,1,1.0,,0.0,0.0,0.0,
losato,nb,all,A15__A01,144,1,0.0,,0.0,0.0,0.0,
losato,nb,all,A15__A02,144,1,1.0,,0.0,0.0,0.0,
losato,nb,all,A15__A03,144,1,0.0,,0.0,0.0,0.0,
losato,nb,all,A16__A01,144,1,1.0,,0.0,0.0,0.0,
losato,nb,all,A16__A02,144,1,1.0,,0.0,0.0,0.0,
losato,nb,all,A16__A03,144,1,1.0,,0.0,0.0,0.0,
losato,nb,all,A17__A01,144,1,1.0,,0.0,0.0,0.0,
losato,nb,all,A17__A02,144,1,1.0,,0.0,0.0,0.0,
losato,nb,all,A17__A03,144,1,0.0,,0.0,0.0,0.0,
losato,nb,all,A19__A01,144,1,1.0,,0.0,0.0,0.0,
losato,nb,all,A19__A02,144,1,1.0,,0.0,0.0,0.0,
losato,nb,all,A19__A03,144,1,0.0,,0.0,0.0,0.0,
losato,nb,all,A20__A01,144,1,0.0,,0.0,0.0,0.0,
losato,nb,all,A20__A02,144,1,0.0,,0.0,0.0,0.0,
losato,nb,all,A20__A03,144,1,0.0,,0.0,0.0,0.0,
losato,nb,all,A21__A01,144,1,1.0,,0.0,0.0,0.0,
losato,nb,all,A21__A02,144,1,1.0,,0.0,0.0,0.0,
losato,nb,all,A21__A03,144,1,0.0,,0.0,0.0,0.0,
losato,nb,all,A22__A01,144,1,1.0,,0.0,0.0,0.0,
losato,nb,all,A22__A02,144,1,0.0,,0.0,0.0,0.0,
losato,nb,all,A22__A03,144,1,0.0,,0.0,0.0,0.0,
losato,nb,all,A23__A01,144,1,1.0,,0.0,0.0,0.0,
losato,nb,all,A23__A02,144,1,1.0,,0.0,0.0,0.0,
losato,nb,all,A23__A03,144,1,1.0,,0.0,0.0,0.0,
losato,nb,all,A24__A01,144,1,0.0,,0.0,0.0,0.0,
losato,nb,all,A24__A02,144,1,0.0,,0.0,0.0,0.0,
losato,nb,all,A24__A03,144,1,0.0,,0.0,0.0,0.0,
losato,nb,all,A25__A01,144,1,1.0,,0.0,0.0,0.0,
losato,nb,all,A25__A02,144,1,1.0,,0.0,0.0,0.0,
losato,nb,all,A25__A03,144,1,1.0,,0.0,0.0,0.0,
losato,nb,all,A27__A01,144,1,1.0,,0.0,0.0,0.0,
losato,nb,all,A27__A02,144,1,1.0,,1.0,1.0,1.0,
losato,nb,all,A27__A03,144,1,0.0,,0.0,0.0,0.0,
losato,nb,all,A28__A01,144,1,1.0,,0.0,0.0,0.0,
losato,nb,all,A28__A02,144,1,0.0,,0.0,0.0,0.0,
losato,nb,all,A28__A03,144,1,1.0,,0.0,0.0,0.0,
losato,nb,all,A30__A01,144,1,0.0,,0.0,0.0,0.0,
losato,nb,all,A30__A02,144,1,0.0,,0.0,0.0,0.0,
losato,nb,all,A30__A03,144,1,0.0,,0.0,0.0,0.0,
losato,nb,all,B01__B01,144,1,0.0,,0.0,0.0,0.0,
losato,nb,all,B01__B02,144,1,1.0,,0.0,0.0,0.0,
losato,nb,all,B01__B03,144,1,0.0,,0.0,0.0,0.0,
losato,nb,all,B01__B04,144,1,0.0,,0.0,0.0,0.0,
losato,nb,all,B02__B01,144,1,1.0,,1.0,1.0,1.0,
losato,nb,all,B02__B02,144,1,1.0,,1.0,1.0,1.0,
losato,nb,all,B02__B03,144,1,1.0,,1.0,1.0,1.0,
losato,nb,all,B02__B04,144,1,1.0,,1.0,1.0,1.0,
losato,nb,all,B03__B01,144,1,1.0,,0.0,0.0,0.0,
losato,nb,all,B03__B02,144,1,0.0,,0.0,0.0,0.0,
losato,nb,all,B03__B03,144,1,0.0,,0.0,0.0,0.0,
losato,nb,all,B03__B04,144,1,0.0,,0.0,0.0,0.0,
losato,nb,all,B06__B01,144,1,0.0,,0.0,0.0,0.0,
losato,nb,all,B06__B02,144,1,0.0,,0.0,0.0,0.0,
losato,nb,all,B06__B03,144,1,0.0,,0.0,0.0,0.0,
losato,nb,all,B06__B04,144,1,0.0,,0.0,0.0,0.0,
losato,nb,all,B07__B01,144,1,1.0,,1.0,1.0,1.0,
losato,nb,all,B07__B02,144,1,1.0,,1.0,1.0,1.0,
losato,nb,all,B07__B03,144,1,1.0,,1.0,1.0,1.0,
losato,nb,all,B07__B04,144,1,1.0,,1.0,1.0,1.0,
losato,nb,all,B08__B01,144,1,1.0,,1.0,1.0,1.0,
losato,nb,all,B08__B02,144,1,0.0,,0.0,0.0,0.0,
losato,nb,all,B08__B03,144,1,0.0,,0.0,0.0,0.0,
losato,nb,all,B08__B04,144,1,1.0,,1.0,1.0,1.0,
losato,nb,all,B09__B01,144,1,1.0,,1.0,1.0,1.0,
losato,nb,all,B09__B02,144,1,0.0,,0.0,0.0,0.0,
losato,nb,all,B09__B03,144,1,0.0,,0.0,0.0,0.0,
losato,nb,all,B09__B04,144,1,0.0,,0.0,0.0,0.0,
losato,nb,all,B10__B01,144,1,0.0,,0.0,0.0,0.0,
losato,nb,all,B10__B02,144,1,0.0,,0.0,0.0,0.0,
losato,nb,all,B10__B03,144,1,1.0,,0.0,0.0,0.0,
losato,nb,all,B10__B04,144,1,0.0,,0.0,0.0,0.0,
losato,nb,all,B12__B01,144,1,1.0,,1.0,1.0,1.0,
losato,nb,all,B12__B02,144,1,0.0,,0.0,0.0,0.0,
losato,nb,all,B12__B03,144,1,0.0,,0.0,0.0,0.0,
losato,nb,all,B12__B04,144,1,1.0,,0.0,0.0,0.0,
losato,nb,all,B13__B01,144,1,1.0,,0.0,0.0,0.0,
losato,nb,all,B13__B02,144,1,0.0,,0.0,0.0,0.0,
losato,nb,all,B13__B03,144,1,1.0,,0.0,0.0,0.0,
losato,nb,all,B13__B04,144,1,1.0,,0.0,0.0,0.0,
losato,nb,all,B14__B01,144,1,0.0,,0.0,0.0,0.0,
losato,nb,all,B14__B02,144,1,0.0,,0.0,0.0,0.0,
losato,nb,all,B14__B03,144,1,0.0,,0.0,0.0,0.0,
losato,nb,all,B14__B04,144,1,0.0,,0.0,0.0,0.0,
losato,nb,all,B15__B01,144,1,0.0,,0.0,0.0,0.0,
losato,nb,all,B15__B02,144,1,0.0,,0.0,0.0,0.0,
losato,nb,all,B15__B03,144,1,1.0,,1.0,1.0,1.0,
losato,nb,all,B15__B04,144,1,0.0,,0.0,0.0,0.0,
losato,nb,all,B16__B01,144,1,1.0,,1.0,1.0,1.0,
losato,nb,all,B16__B02,144,1,1.0,,1.0,1.0,1.0,
losato,nb,all,B16__B03,144,1,1.0,,1.0,1.0,1.0,
losato,nb,all,B16__B04,144,1,1.0,,1.0,1.0,1.0,
losato,nb,all,B17__B01,144,1,1.0,,0.0,0.0,0.0,
losato,nb,all,B17__B02,144,1,1.0,,0.0,0.0,0.0,
losato,nb,all,B17__B03,144,1,0.0,,0.0,0.0,0.0,
losato,nb,all,B17__B04,144,1,0.0,,0.0,0.0,0.0,
losato,nb,all,B18__B02,144,1,0.0,,0.0,0.0,0.0,
losato,nb,all,B18__B03,144,1,0.0,,0.0,0.0,0.0,
losato,nb,all,B18__B04,144,1,0.0,,0.0,0.0,0.0,
losato,nb,all,B19__B01,144,1,0.0,,0.0,0.0,0.0,
losato,nb,all,B19__B02,144,1,1.0,,1.0,1.0,1.0,
losato,nb,all,B19__B03,144,1,1.0,,0.0,0.0,0.0,
losato,nb,all,B19__B04,144,1,1.0,,1.0,1.0,1.0,
losato,nb,all,B20__B01,144,1,1.0,,1.0,1.0,1.0,
losato,nb,all,B20__B02,144,1,1.0,,1.0,1.0,1.0,
losato,nb,all,B20__B03,144,1,1.0,,0.0,0.0,0.0,
losato,nb,all,B20__B04,144,1,1.0,,1.0,1.0,1.0,
losato,dummy,all,A01__A01,144,1,0.0,,0.0,0.0,0.0,
losato,dummy,all,A01__A02,144,1,0.0,,0.0,0.0,0.0,
losato,dummy,all,A01__A03,144,1,0.0,,0.0,0.0,0.0,
losato,dummy,all,A03__A01,144,1,0.0,,0.0,0.0,0.0,
losato,dummy,all,A03__A02,144,1,0.0,,0.0,0.0,0.0,
losato,dummy,all,A03__A03,144,1,0.0,,0.0,0.0,0.0,
losato,dummy,all,A04__A01,144,1,1.0,,1.0,1.0,1.0,
losato,dummy,all,A04__A02,144,1,1.0,,1.0,1.0,1.0,
losato,dummy,all,A04__A03,144,1,0.0,,0.0,0.0,0.0,
losato,dummy,all,A05__A01,144,1,0.0,,0.0,0.0,0.0,
losato,dummy,all,A05__A02,144,1,0.0,,0.0,0.0,0.0,
losato,dummy,all,A05__A03,144,1,0.0,,0.0,0.0,0.0,
losato,dummy,all,A06__A01,144,1,0.0,,0.0,0.0,0.0,
losato,dummy,all,A06__A02,144,1,1.0,,1.0,1.0,1.0,
losato,dummy,all,A06__A03,144,1,1.0,,1.0,1.0,1.0,
losato,dummy,all,A07__A01,144,1,1.0,,1.0,1.0,1.0,
losato,dummy,all,A07__A02,144,1,1.0,,1.0,1.0,1.0,
losato,dummy,all,A07__A03,144,1,0.0,,0.0,0.0,0.0,
losato,dummy,all,A08__A01,144,1,0.0,,0.0,0.0,0.0,
losato,dummy,all,A08__A02,144,1,0.0,,0.0,0.0,0.0,
losato,dummy,all,A08__A03,144,1,0.0,,0.0,0.0,0.0,
losato,dummy,all,A09__A01,144,1,0.0,,0.0,0.0,0.0,
losato,dummy,all,A09__A02,144,1,1.0,,1.0,1.0,1.0,
losato,dummy,all,A09__A03,144,1,1.0,,1.0,1.0,1.0,
losato,dummy,all,A10__A01,144,1,0.0,,0.0,0.0,0.0,
losato,dummy,all,A10__A02,144,1,0.0,,0.0,0.0,0.0,
losato,dummy,all,A10__A03,144,1,0.0,,0.0,0.0,0.0,
losato,dummy,all,A11__A01,144,1,0.0,,0.0,0.0,0.0,
losato,dummy,all,A11__A02,144,1,0.0,,0.0,0.0,0.0,
losato,dummy,all,A11__A03,144,1,0.0,,0.0,0.0,0.0,
losato,dummy,all,A12__A01,144,1,0.0,,0.0,0.0,0.0,
losato,dummy,all,A12__A02,144,1,0.0,,0.0,0.0,0.0,
losato,dummy,all,A12__A03,144,1,1.0,,1.0,1.0,1.0,
losato,dummy,all,A13__A01,144,1,0.0,,0.0,0.0,0.0,
losato,dummy,all,A13__A02,144,1,1.0,,1.0,1.0,1.0,
losato,dummy,all,A13__A03,144,1,1.0,,1.0,1.0,1.0,
losato,dummy,all,A14__A01,144,1,0.0,,0.0,0.0,0.0,
losato,dummy,all,A14__A02,144,1,0.0,,0.0,0.0,0.0,
losato,dummy,all,A14__A03,144,1,0.0,,0.0,0.0,0.0,
losato,dummy,all,A15__A01,144,1,1.0,,1.0,1.0,1.0,
losato,dummy,all,A15__A02,144,1,0.0,,0.0,0.0,0.0,
losato,dummy,all,A15__A03,144,1,1.0,,1.0,1.0,1.0,
losato,dummy,all,A16__A01,144,1,0.0,,0.0,0.0,0.0,
losato,dummy,all,A16__A02,144,1,0.0,,0.0,0.0,0.0,
losato,dummy,all,A16__A03,144,1,0.0,,0.0,0.0,0.0,
losato,dummy,all,A17__A01,144,1,0.0,,0.0,0.0,0.0,
losato,dummy,all,A17__A02,144,1,0.0,,0.0,0.0,0.0,
losato,dummy,all,A17__A03,144,1,1.0,,1.0,1.0,1.0,
losato,dummy,all,A19__A01,144,1,0.0,,0.0,0.0,0.0,
losato,dummy,all,A19__A02,144,1,0.0,,0.0,0.0,0.0,
losato,dummy,all,A19__A03,144,1,1.0,,1.0,1.0,1.0,
losato,dummy,all,A20__A01,144,1,1.0,,1.0,1.0,1.0,
losato,dummy,all,A20__A02,144,1,1.0,,1.0,1.0,1.0,
losato,dummy,all,A20__A03,144,1,1.0,,1.0,1.0,1.0,
losato,dummy,all,A21__A01,144,1,0.0,,0.0,0.0,0.0,
losato,dummy,all,A21__A02,144,1,0.0,,0.0,0.0,0.0,
losato,dummy,all,A21__A03,144,1,1.0,,1.0,1.0,1.0,
losato,dummy,all,A22__A01,144,1,0.0,,0.0,0.0,0.0,
losato,dummy,all,A22__A02,144,1,1.0,,1.0,1.0,1.0,
losato,dummy,all,A22__A03,144,1,1.0,,1.0,1.0,1.0,
losato,dummy,all,A23__A01,144,1,0.0,,0.0,0.0,0.0,
losato,dummy,all,A23__A02,144,1,0.0,,0.0,0.0,0.0,
losato,dummy,all,A23__A03,144,1,0.0,,0.0,0.0,0.0,
losato,dummy,all,A24__A01,144,1,1.0,,1.0,1.0,1.0,
losato,dummy,all,A24__A02,144,1,1.0,,1.0,1.0,1.0,
losato,dummy,all,A24__A03,144,1,1.0,,1.0,1.0,1.0,
losato,dummy,all,A25__A01,144,1,0.0,,0.0,0.0,0.0,
losato,dummy,all,A25__A02,144,1,0.0,,0.0,0.0,0.0,
losato,dummy,all,A25__A03,144,1,0.0,,0.0,0.0,0.0,
losato,dummy,all,A27__A01,144,1,0.0,,0.0,0.0,0.0,
losato,dummy,all,A27__A02,144,1,1.0,,1.0,1.0,1.0,
losato,dummy,all,A27__A03,144,1,1.0,,1.0,1.0,1.0,
losato,dummy,all,A28__A01,144,1,0.0,,0.0,0.0,0.0,
losato,dummy,all,A28__A02,144,1,1.0,,1.0,1.0,1.0,
losato,dummy,all,A28__A03,144,1,0.0,,0.0,0.0,0.0,
losato,dummy,all,A30__A01,144,1,1.0,,1.0,1.0,1.0,
losato,dummy,all,A30__A02,144,1,1.0,,1.0,1.0,1.0,
losato,dummy,all,A30__A03,144,1,1.0,,1.0,1.0,1.0,
losato,dummy,all,B01__B01,144,1,1.0,,1.0,1.0,1.0,
losato,dummy,all,B01__B02,144,1,0.0,,0.0,0.0,0.0,
losato,dummy,all,B01__B03,144,1,1.0,,1.0,1.0,1.0,
losato,dummy,all,B01__B04,144,1,0.0,,0.0,0.0,0.0,
losato,dummy,all,B02__B01,144,1,1.0,,1.0,1.0,1.0,
losato,dummy,all,B02__B02,144,1,1.0,,1.0,1.0,1.0,
losato,dummy,all,B02__B03,144,1,1.0,,1.0,1.0,1.0,
losato,dummy,all,B02__B04,144,1,1.0,,1.0,1.0,1.0,
losato,dummy,all,B03__B01,144,1,0.0,,0.0,0.0,0.0,
losato,dummy,all,B03__B02,144,1,1.0,,1.0,1.0,1.0,
losato,dummy,all,B03__B03,144,1,1.0,,1.0,1.0,1.0,
losato,dummy,all,B03__B04,144,1,0.0,,0.0,0.0,0.0,
losato,dummy,all,B06__B01,144,1,1.0,,1.0,1.0,1.0,
losato,dummy,all,B06__B02,144,1,1.0,,1.0,1.0,1.0,
losato,dummy,all,B06__B03,144,1,1.0,,1.0,1.0,1.0,
losato,dummy,all,B06__B04,144,1,1.0,,1.0,1.0,1.0,
losato,dummy,all,B07__B01,144,1,1.0,,1.0,1.0,1.0,
losato,dummy,all,B07__B02,144,1,1.0,,1.0,1.0,1.0,
losato,dummy,all,B07__B03,144,1,1.0,,1.0,1.0,1.0,
losato,dummy,all,B07__B04,144,1,1.0,,1.0,1.0,1.0,
losato,dummy,all,B08__B01,144,1,1.0,,1.0,1.0,1.0,
losato,dummy,all,B08__B02,144,1,0.0,,0.0,0.0,0.0,
losato,dummy,all,B08__B03,144,1,0.0,,0.0,0.0,0.0,
losato,dummy,all,B08__B04,144,1,1.0,,1.0,1.0,1.0,
losato,dummy,all,B09__B01,144,1,1.0,,1.0,1.0,1.0,
losato,dummy,all,B09__B02,144,1,1.0,,1.0,1.0,1.0,
losato,dummy,all,B09__B03,144,1,0.0,,0.0,0.0,0.0,
losato,dummy,all,B09__B04,144,1,1.0,,1.0,1.0,1.0,
losato,dummy,all,B10__B01,144,1,1.0,,1.0,1.0,1.0,
losato,dummy,all,B10__B02,144,1,1.0,,1.0,1.0,1.0,
losato,dummy,all,B10__B03,144,1,0.0,,0.0,0.0,0.0,
losato,dummy,all,B10__B04,144,1,1.0,,1.0,1.0,1.0,
losato,dummy,all,B12__B01,144,1,1.0,,1.0,1.0,1.0,
losato,dummy,all,B12__B02,144,1,1.0,,1.0,1.0,1.0,
losato,dummy,all,B12__B03,144,1,1.0,,1.0,1.0,1.0,
losato,dummy,all,B12__B04,144,1,0.0,,0.0,0.0,0.0,
losato,dummy,all,B13__B01,144,1,0.0,,0.0,0.0,0.0,
losato,dummy,all,B13__B02,144,1,1.0,,1.0,1.0,1.0,
losato,dummy,all,B13__B03,144,1,0.0,,0.0,0.0,0.0,
losato,dummy,all,B13__B04,144,1,0.0,,0.0,0.0,0.0,
losato,dummy,all,B14__B01,144,1,0.0,,0.0,0.0,0.0,
losato,dummy,all,B14__B02,144,1,1.0,,1.0,1.0,1.0,
losato,dummy,all,B14__B03,144,1,0.0,,0.0,0.0,0.0,
losato,dummy,all,B14__B04,144,1,1.0,,1.0,1.0,1.0,
losato,dummy,all,B15__B01,144,1,1.0,,1.0,1.0,1.0,
losato,dummy,all,B15__B02,144,1,1.0,,1.0,1.0,1.0,
losato,dummy,all,B15__B03,144,1,1.0,,1.0,1.0,1.0,
losato,dummy,all,B15__B04,144,1,1.0,,1.0,1.0,1.0,
losato,dummy,all,B16__B01,144,1,1.0,,1.0,1.0,1.0,
losato,dummy,all,B16__B02,144,1,1.0,,1.0,1.0,1.0,
losato,dummy,all,B16__B03,144,1,1.0,,1.0,1.0,1.0,
losato,dummy,all,B16__B04,144,1,1.0,,1.0,1.0,1.0,
losato,dummy,all,B17__B01,144,1,0.0,,0.0,0.0,0.0,
losato,dummy,all,B17__B02,144,1,0.0,,0.0,0.0,0.0,
losato,dummy,all,B17__B03,144,1,0.0,,0.0,0.0,0.0,
losato,dummy,all,B17__B04,144,1,0.0,,0.0,0.0,0.0,
losato,dummy,all,B18__B02,144,1,1.0,,1.0,1.0,1.0,
losato,dummy,all,B18__B03,144,1,1.0,,1.0,1.0,1.0,
losato,dummy,all,B18__B04,144,1,1.0,,1.0,1.0,1.0,
losato,dummy,all,B19__B01,144,1,1.0,,1.0,1.0,1.0,
losato,dummy,all,B19__B02,144,1,1.0,,1.0,1.0,1.0,
losato,dummy,all,B19__B03,144,1,0.0,,0.0,0.0,0.0,
losato,dummy,all,B19__B04,144,1,1.0,,1.0,1.0,1.0,
losato,dummy,all,B20__B01,144,1,1.0,,1.0,1.0,1.0,
losato,dummy,all,B20__B02,144,1,1.0,,1.0,1.0,1.0,
losato,dummy,all,B20__B03,144,1,0.0,,0.0,0.0,0.0,
losato,dummy,all,B20__B04,144,1,1.0,,1.0,1.0,1.0,
