threshold,feature_engineering,model,precision,precision_lower,precision_upper,recall,recall_lower,recall_upper,f1_score,f1_lower,f1_upper
threshold_2,pca,logreg,0.967741935483871,0.9055454023418987,1.0299384686258433,1.0,1.0,1.0,0.9836065573770492,0.9514803180062159,1.0157327967478824
threshold_2,pca,rf,0.967741935483871,0.9055454023418987,1.0299384686258433,1.0,1.0,1.0,0.9836065573770492,0.9514803180062159,1.0157327967478824
threshold_2,pca,svm,0.967741935483871,0.9055454023418987,1.0299384686258433,1.0,1.0,1.0,0.9836065573770492,0.9514803180062159,1.0157327967478824
threshold_2,pca,knn,0.967741935483871,0.9055454023418987,1.0299384686258433,1.0,1.0,1.0,0.9836065573770492,0.9514803180062159,1.0157327967478824
threshold_2,pca,gb,0.967741935483871,0.9055454023418987,1.0299384686258433,1.0,1.0,1.0,0.9836065573770492,0.9514803180062159,1.0157327967478824
threshold_2,pca,nb,0.9666666666666668,0.902432631094155,1.0309007022391785,0.9666666666666668,0.902432631094155,1.0309007022391785,0.9666666666666668,0.9196801265256658,1.0136532068076678
threshold_2,pca,mlp,0.967741935483871,0.9055454023418987,1.0299384686258433,1.0,1.0,1.0,0.9836065573770492,0.9514803180062159,1.0157327967478824
threshold_2,pca,rule,0.967741935483871,0.9055454023418987,1.0299384686258433,1.0,1.0,1.0,0.9836065573770492,0.9514803180062159,1.0157327967478824
threshold_2,ica,logreg,0.967741935483871,0.9055454023418987,1.0299384686258433,1.0,1.0,1.0,0.9836065573770492,0.9514803180062159,1.0157327967478824
threshold_2,ica,rf,0.967741935483871,0.9055454023418987,1.0299384686258433,1.0,1.0,1.0,0.9836065573770492,0.9514803180062159,1.0157327967478824
threshold_2,ica,svm,0.967741935483871,0.9055454023418987,1.0299384686258433,1.0,1.0,1.0,0.9836065573770492,0.9514803180062159,1.0157327967478824
threshold_2,ica,knn,0.967741935483871,0.9055454023418987,1.0299384686258433,1.0,1.0,1.0,0.9836065573770492,0.9514803180062159,1.0157327967478824
threshold_2,ica,gb,0.967741935483871,0.9055454023418987,1.0299384686258433,1.0,1.0,1.0,0.9836065573770492,0.9514803180062159,1.0157327967478824
threshold_2,ica,nb,0.9666666666666668,0.902432631094155,1.0309007022391785,0.9666666666666668,0.902432631094155,1.0309007022391785,0.9666666666666668,0.9196801265256658,1.0136532068076678
threshold_2,ica,mlp,0.967741935483871,0.9055454023418987,1.0299384686258433,1.0,1.0,1.0,0.9836065573770492,0.9514803180062159,1.0157327967478824
threshold_2,ica,rule,0.967741935483871,0.9055454023418987,1.0299384686258433,1.0,1.0,1.0,0.9836065573770492,0.9514803180062159,1.0157327967478824
threshold_2,mi,logreg,0.9666666666666668,0.902432631094155,1.0309007022391785,0.9666666666666668,0.902432631094155,1.0309007022391785,0.9666666666666668,0.9196801265256658,1.0136532068076678
threshold_2,mi,rf,0.967741935483871,0.9055454023418987,1.0299384686258433,1.0,1.0,1.0,0.9836065573770492,0.9514803180062159,1.0157327967478824
threshold_2,mi,svm,0.967741935483871,0.9055454023418987,1.0299384686258433,1.0,1.0,1.0,0.9836065573770492,0.9514803180062159,1.0157327967478824
threshold_2,mi,knn,0.967741935483871,0.9055454023418987,1.0299384686258433,1.0,1.0,1.0,0.9836065573770492,0.9514803180062159,1.0157327967478824
threshold_2,mi,gb,0.9666666666666668,0.902432631094155,1.0309007022391785,0.9666666666666668,0.902432631094155,1.0309007022391785,0.9666666666666668,0.9196801265256658,1.0136532068076678
threshold_2,mi,nb,0.967741935483871,0.9055454023418987,1.0299384686258433,1.0,1.0,1.0,0.9836065573770492,0.9514803180062159,1.0157327967478824
threshold_2,mi,mlp,0.967741935483871,0.9055454023418987,1.0299384686258433,1.0,1.0,1.0,0.9836065573770492,0.9514803180062159,1.0157327967478824
threshold_2,mi,rule,0.967741935483871,0.9055454023418987,1.0299384686258433,1.0,1.0,1.0,0.9836065573770492,0.9514803180062159,1.0157327967478824
threshold_2,anova,logreg,0.967741935483871,0.9055454023418987,1.0299384686258433,1.0,1.0,1.0,0.9836065573770492,0.9514803180062159,1.0157327967478824
threshold_2,anova,rf,0.967741935483871,0.9055454023418987,1.0299384686258433,1.0,1.0,1.0,0.9836065573770492,0.9514803180062159,1.0157327967478824
threshold_2,anova,svm,0.967741935483871,0.9055454023418987,1.0299384686258433,1.0,1.0,1.0,0.9836065573770492,0.9514803180062159,1.0157327967478824
threshold_2,anova,knn,0.967741935483871,0.9055454023418987,1.0299384686258433,1.0,1.0,1.0,0.9836065573770492,0.9514803180062159,1.0157327967478824
threshold_2,anova,gb,0.9666666666666668,0.902432631094155,1.0309007022391785,0.9666666666666668,0.902432631094155,1.0309007022391785,0.9666666666666668,0.9196801265256658,1.0136532068076678
threshold_2,anova,nb,0.9655172413793104,0.899107756760328,1.031926725998293,0.9333333333333332,0.8440726468771735,1.022594019789493,0.9491525423728814,0.8902687178086874,1.0080363669370753
threshold_2,anova,mlp,0.967741935483871,0.9055454023418987,1.0299384686258433,1.0,1.0,1.0,0.9836065573770492,0.9514803180062159,1.0157327967478824
threshold_2,anova,rule,0.9666666666666668,0.902432631094155,1.0309007022391785,0.9666666666666668,0.902432631094155,1.0309007022391785,0.9666666666666668,0.9196801265256658,1.0136532068076678
threshold_2,rfe,logreg,0.967741935483871,0.9055454023418987,1.0299384686258433,1.0,1.0,1.0,0.9836065573770492,0.9514803180062159,1.0157327967478824
threshold_2,rfe,rf,0.967741935483871,0.9055454023418987,1.0299384686258433,1.0,1.0,1.0,0.9836065573770492,0.9514803180062159,1.0157327967478824
threshold_2,rfe,svm,0.967741935483871,0.9055454023418987,1.0299384686258433,1.0,1.0,1.0,0.9836065573770492,0.9514803180062159,1.0157327967478824
threshold_2,rfe,knn,0.967741935483871,0.9055454023418987,1.0299384686258433,1.0,1.0,1.0,0.9836065573770492,0.9514803180062159,1.0157327967478824
threshold_2,rfe,gb,0.9666666666666668,0.902432631094155,1.0309007022391785,0.9666666666666668,0.902432631094155,1.0309007022391785,0.9666666666666668,0.9196801265256658,1.0136532068076678
threshold_2,rfe,nb,0.967741935483871,0.9055454023418987,1.0299384686258433,1.0,1.0,1.0,0.9836065573770492,0.9514803180062159,1.0157327967478824
threshold_2,rfe,mlp,1.0,1.0,1.0,1.0,1.0,1.0,1.0,1.0,1.0
threshold_2,rfe,rule,0.9666666666666668,0.902432631094155,1.0309007022391785,0.9666666666666668,0.902432631094155,1.0309007022391785,0.9666666666666668,0.9196801265256658,1.0136532068076678
threshold_2,spearman,logreg,0.967741935483871,0.9055454023418987,1.0299384686258433,1.0,1.0,1.0,0.9836065573770492,0.9514803180062159,1.0157327967478824
threshold_2,spearman,rf,0.9666666666666668,0.902432631094155,1.0309007022391785,0.9666666666666668,0.902432631094155,1.0309007022391785,0.9666666666666668,0.9196801265256658,1.0136532068076678
threshold_2,spearman,svm,0.967741935483871,0.9055454023418987,1.0299384686258433,1.0,1.0,1.0,0.9836065573770492,0.9514803180062159,1.0157327967478824
threshold_2,spearman,knn,0.967741935483871,0.9055454023418987,1.0299384686258433,1.0,1.0,1.0,0.9836065573770492,0.9514803180062159,1.0157327967478824
threshold_2,spearman,gb,0.9666666666666668,0.902432631094155,1.0309007022391785,0.9666666666666668,0.902432631094155,1.0309007022391785,0.9666666666666668,0.9196801265256658,1.0136532068076678
threshold_2,spearman,nb,0.967741935483871,0.9055454023418987,1.0299384686258433,1.0,1.0,1.0,0.9836065573770492,0.9514803180062159,1.0157327967478824
threshold_2,spearman,mlp,0.967741935483871,0.9055454023418987,1.0299384686258433,1.0,1.0,1.0,0.9836065573770492,0.9514803180062159,1.0157327967478824
threshold_2,spearman,rule,0.9666666666666668,0.902432631094155,1.0309007022391785,0.9666666666666668,0.902432631094155,1.0309007022391785,0.9666666666666668,0.9196801265256658,1.0136532068076678
threshold_2,all_features,logreg,0.967741935483871,0.9055454023418987,1.0299384686258433,1.0,1.0,1.0,0.9836065573770492,0.9514803180062159,1.0157327967478824
threshold_2,all_features,rf,0.967741935483871,0.9055454023418987,1.0299384686258433,1.0,1.0,1.0,0.9836065573770492,0.9514803180062159,1.0157327967478824
threshold_2,all_features,svm,0.967741935483871,0.9055454023418987,1.0299384686258433,1.0,1.0,1.0,0.9836065573770492,0.9514803180062159,1.0157327967478824
threshold_2,all_features,knn,0.967741935483871,0.9055454023418987,1.0299384686258433,1.0,1.0,1.0,0.9836065573770492,0.9514803180062159,1.0157327967478824
threshold_2,all_features,gb,0.9666666666666668,0.902432631094155,1.0309007022391785,0.9666666666666668,0.902432631094155,1.0309007022391785,0.9666666666666668,0.9196801265256658,1.0136532068076678
threshold_2,all_features,nb,0.9545454545454546,0.8675044855639817,1.0415864235269274,0.7,0.5360176480688885,0.8639823519311114,0.8076923076923077,0.6849763210953127,0.9304082942893027
threshold_2,all_features,mlp,0.967741935483871,0.9055454023418987,1.0299384686258433,1.0,1.0,1.0,0.9836065573770492,0.9514803180062159,1.0157327967478824
threshold_2,all_features,rule,0.9655172413793104,0.899107756760328,1.031926725998293,0.9333333333333332,0.8440726468771735,1.022594019789493,0.9491525423728814,0.8902687178086874,1.0080363669370753
threshold_2,eyetracking,logreg,0.967741935483871,0.9055454023418987,1.0299384686258433,1.0,1.0,1.0,0.9836065573770492,0.9514803180062159,1.0157327967478824
threshold_2,eyetracking,rf,0.967741935483871,0.9055454023418987,1.0299384686258433,1.0,1.0,1.0,0.9836065573770492,0.9514803180062159,1.0157327967478824
threshold_2,eyetracking,svm,0.967741935483871,0.9055454023418987,1.0299384686258433,1.0,1.0,1.0,0.9836065573770492,0.9514803180062159,1.0157327967478824
threshold_2,eyetracking,knn,0.967741935483871,0.9055454023418987,1.0299384686258433,1.0,1.0,1.0,0.9836065573770492,0.9514803180062159,1.0157327967478824
threshold_2,eyetracking,gb,0.967741935483871,0.9055454023418987,1.0299384686258433,1.0,1.0,1.0,0.9836065573770492,0.9514803180062159,1.0157327967478824
threshold_2,eyetracking,nb,0.9629629629629628,0.8917286698844735,1.034197256041452,0.8666666666666667,0.7450248553010704,0.988308478032263,0.912280701754386,0.8331720916985692,0.9913893118102028
threshold_2,eyetracking,mlp,0.967741935483871,0.9055454023418987,1.0299384686258433,1.0,1.0,1.0,0.9836065573770492,0.9514803180062159,1.0157327967478824
threshold_2,eyetracking,rule,0.967741935483871,0.9055454023418987,1.0299384686258433,1.0,1.0,1.0,0.9836065573770492,0.9514803180062159,1.0157327967478824
threshold_2,eeg,logreg,0.967741935483871,0.9055454023418987,1.0299384686258433,1.0,1.0,1.0,0.9836065573770492,0.9514803180062159,1.0157327967478824
threshold_2,eeg,rf,0.967741935483871,0.9055454023418987,1.0299384686258433,1.0,1.0,1.0,0.9836065573770492,0.9514803180062159,1.0157327967478824
threshold_2,eeg,svm,0.967741935483871,0.9055454023418987,1.0299384686258433,1.0,1.0,1.0,0.9836065573770492,0.9514803180062159,1.0157327967478824
threshold_2,eeg,knn,0.967741935483871,0.9055454023418987,1.0299384686258433,1.0,1.0,1.0,0.9836065573770492,0.9514803180062159,1.0157327967478824
threshold_2,eeg,gb,0.967741935483871,0.9055454023418987,1.0299384686258433,1.0,1.0,1.0,0.9836065573770492,0.9514803180062159,1.0157327967478824
threshold_2,eeg,nb,0.967741935483871,0.9055454023418987,1.0299384686258433,1.0,1.0,1.0,0.9836065573770492,0.9514803180062159,1.0157327967478824
threshold_2,eeg,mlp,0.967741935483871,0.9055454023418987,1.0299384686258433,1.0,1.0,1.0,0.9836065573770492,0.9514803180062159,1.0157327967478824
threshold_2,eeg,rule,0.967741935483871,0.9055454023418987,1.0299384686258433,1.0,1.0,1.0,0.9836065573770492,0.9514803180062159,1.0157327967478824
threshold_2,hrv,logreg,0.9655172413793104,0.899107756760328,1.031926725998293,0.9333333333333332,0.8440726468771735,1.022594019789493,0.9491525423728814,0.8902687178086874,1.0080363669370753
threshold_2,hrv,rf,0.967741935483871,0.9055454023418987,1.0299384686258433,1.0,1.0,1.0,0.9836065573770492,0.9514803180062159,1.0157327967478824
threshold_2,hrv,svm,0.967741935483871,0.9055454023418987,1.0299384686258433,1.0,1.0,1.0,0.9836065573770492,0.9514803180062159,1.0157327967478824
threshold_2,hrv,knn,0.967741935483871,0.9055454023418987,1.0299384686258433,1.0,1.0,1.0,0.9836065573770492,0.9514803180062159,1.0157327967478824
threshold_2,hrv,gb,0.9666666666666668,0.902432631094155,1.0309007022391785,0.9666666666666668,0.902432631094155,1.0309007022391785,0.9666666666666668,0.9196801265256658,1.0136532068076678
threshold_2,hrv,nb,0.9523809523809524,0.8612986192624221,1.0434632854994828,0.6666666666666666,0.4979798250824453,0.8353535082508879,0.7843137254901961,0.6532753102240714,0.9153521407563208
threshold_2,hrv,mlp,0.967741935483871,0.9055454023418987,1.0299384686258433,1.0,1.0,1.0,0.9836065573770492,0.9514803180062159,1.0157327967478824
threshold_2,hrv,rule,0.9666666666666668,0.902432631094155,1.0309007022391785,0.9666666666666668,0.902432631094155,1.0309007022391785,0.9666666666666668,0.9196801265256658,1.0136532068076678
threshold_2,non_intrusive,logreg,0.967741935483871,0.9055454023418987,1.0299384686258433,1.0,1.0,1.0,0.9836065573770492,0.9514803180062159,1.0157327967478824
threshold_2,non_intrusive,rf,0.967741935483871,0.9055454023418987,1.0299384686258433,1.0,1.0,1.0,0.9836065573770492,0.9514803180062159,1.0157327967478824
threshold_2,non_intrusive,svm,0.967741935483871,0.9055454023418987,1.0299384686258433,1.0,1.0,1.0,0.9836065573770492,0.9514803180062159,1.0157327967478824
threshold_2,non_intrusive,knn,0.967741935483871,0.9055454023418987,1.0299384686258433,1.0,1.0,1.0,0.9836065573770492,0.9514803180062159,1.0157327967478824
threshold_2,non_intrusive,gb,0.9666666666666668,0.902432631094155,1.0309007022391785,0.9666666666666668,0.902432631094155,1.0309007022391785,0.9666666666666668,0.9196801265256658,1.0136532068076678
threshold_2,non_intrusive,nb,0.9545454545454546,0.8675044855639817,1.0415864235269274,0.7,0.5360176480688885,0.8639823519311114,0.8076923076923077,0.6849763210953127,0.9304082942893027
threshold_2,non_intrusive,mlp,1.0,1.0,1.0,1.0,1.0,1.0,1.0,1.0,1.0
threshold_2,non_intrusive,rule,0.9666666666666668,0.902432631094155,1.0309007022391785,0.9666666666666668,0.902432631094155,1.0309007022391785,0.9666666666666668,0.9196801265256658,1.0136532068076678
threshold_3,pca,logreg,0.7333333333333333,0.5750910492850393,0.8915756173816273,0.9565217391304348,0.873179017733963,1.0398644605269067,0.8301886792452831,0.7158623027228308,0.9445150557677353
threshold_3,pca,rf,0.71875,0.5629712207243163,0.8745287792756837,1.0,1.0,1.0,0.8363636363636363,0.7308975405102147,0.9418297322170579
threshold_3,pca,svm,0.71875,0.5629712207243163,0.8745287792756837,1.0,1.0,1.0,0.8363636363636363,0.7308975405102147,0.9418297322170579
threshold_3,pca,knn,0.71875,0.5629712207243163,0.8745287792756837,1.0,1.0,1.0,0.8363636363636363,0.7308975405102147,0.9418297322170579
threshold_3,pca,gb,0.71875,0.5629712207243163,0.8745287792756837,1.0,1.0,1.0,0.8363636363636363,0.7308975405102147,0.9418297322170579
threshold_3,pca,nb,0.7142857142857143,0.5469567837437639,0.8816146448276647,0.8695652173913043,0.7319292428744989,1.0072011919081099,0.7843137254901961,0.6443121034612862,0.9243153475191059
threshold_3,pca,mlp,0.6896551724137931,0.5212763969736101,0.8580339478539762,0.8695652173913043,0.7319292428744989,1.0072011919081099,0.7692307692307693,0.6256841449844724,0.9127773934770661
threshold_3,pca,rule,0.6521739130434783,0.4575272512113743,0.8468205748755823,0.6521739130434783,0.4575272512113743,0.8468205748755823,0.6521739130434783,0.44113208545104327,0.8632157406359133
threshold_3,ica,logreg,0.7333333333333333,0.5750910492850393,0.8915756173816273,0.9565217391304348,0.873179017733963,1.0398644605269067,0.8301886792452831,0.7158623027228308,0.9445150557677353
threshold_3,ica,rf,0.7096774193548387,0.5498916325957811,0.8694632061138964,0.9565217391304348,0.873179017733963,1.0398644605269067,0.8148148148148148,0.6967521802997015,0.932877449329928
threshold_3,ica,svm,0.71875,0.5629712207243163,0.8745287792756837,1.0,1.0,1.0,0.8363636363636363,0.7308975405102147,0.9418297322170579
threshold_3,ica,knn,0.71875,0.5629712207243163,0.8745287792756837,1.0,1.0,1.0,0.8363636363636363,0.7308975405102147,0.9418297322170579
threshold_3,ica,gb,0.6923076923076923,0.5149012792347549,0.8697141053806297,0.782608695652174,0.614039741743733,0.9511776495606149,0.7346938775510204,0.5679441664709266,0.9014435886311143
threshold_3,ica,nb,0.71875,0.5629712207243163,0.8745287792756837,1.0,1.0,1.0,0.8363636363636363,0.7308975405102147,0.9418297322170579
threshold_3,ica,mlp,0.7333333333333333,0.5750910492850393,0.8915756173816273,0.9565217391304348,0.873179017733963,1.0398644605269067,0.8301886792452831,0.7158623027228308,0.9445150557677353
threshold_3,ica,rule,0.68,0.4971447086482821,0.862855291351718,0.7391304347826086,0.5596750795601348,0.9185857900050824,0.7083333333333334,0.5275000752849434,0.8891665913817234
threshold_3,mi,logreg,0.6896551724137931,0.5212763969736101,0.8580339478539762,0.8695652173913043,0.7319292428744989,1.0072011919081099,0.7692307692307693,0.6256841449844724,0.9127773934770661
threshold_3,mi,rf,0.71875,0.5629712207243163,0.8745287792756837,1.0,1.0,1.0,0.8363636363636363,0.7308975405102147,0.9418297322170579
threshold_3,mi,svm,0.71875,0.5629712207243163,0.8745287792756837,1.0,1.0,1.0,0.8363636363636363,0.7308975405102147,0.9418297322170579
threshold_3,mi,knn,0.7096774193548387,0.5498916325957811,0.8694632061138964,0.9565217391304348,0.873179017733963,1.0398644605269067,0.8148148148148148,0.6967521802997015,0.932877449329928
threshold_3,mi,gb,0.6956521739130435,0.5076056333132334,0.8836987145128535,0.6956521739130435,0.5076056333132334,0.8836987145128535,0.6956521739130435,0.5045092593601476,0.8867950884659394
threshold_3,mi,nb,0.71875,0.5629712207243163,0.8745287792756837,1.0,1.0,1.0,0.8363636363636363,0.7308975405102147,0.9418297322170579
threshold_3,mi,mlp,0.75,0.3256553497214356,1.1743446502785644,0.1304347826086956,-0.007201191908109833,0.268070757125501,0.2222222222222222,-0.07998334249115763,0.524427786935602
threshold_3,mi,rule,0.6818181818181818,0.48718865834815783,0.8764477052882057,0.6521739130434783,0.4575272512113743,0.8468205748755823,0.6666666666666666,0.460272395528393,0.8730609378049403
threshold_3,anova,logreg,0.71875,0.5629712207243163,0.8745287792756837,1.0,1.0,1.0,0.8363636363636363,0.7308975405102147,0.9418297322170579
threshold_3,anova,rf,0.71875,0.5629712207243163,0.8745287792756837,1.0,1.0,1.0,0.8363636363636363,0.7308975405102147,0.9418297322170579
threshold_3,anova,svm,0.71875,0.5629712207243163,0.8745287792756837,1.0,1.0,1.0,0.8363636363636363,0.7308975405102147,0.9418297322170579
threshold_3,anova,knn,0.7419354838709677,0.5879022399247333,0.8959687278172022,1.0,1.0,1.0,0.8518518518518519,0.750325138935301,0.9533785647684028
threshold_3,anova,gb,0.6956521739130435,0.5076056333132334,0.8836987145128535,0.6956521739130435,0.5076056333132334,0.8836987145128535,0.6956521739130435,0.5045092593601476,0.8867950884659394
threshold_3,anova,nb,0.7096774193548387,0.5498916325957811,0.8694632061138964,0.9565217391304348,0.873179017733963,1.0398644605269067,0.8148148148148148,0.6967521802997015,0.932877449329928
threshold_3,anova,mlp,0.71875,0.5629712207243163,0.8745287792756837,1.0,1.0,1.0,0.8363636363636363,0.7308975405102147,0.9418297322170579
threshold_3,anova,rule,0.6956521739130435,0.5076056333132334,0.8836987145128535,0.6956521739130435,0.5076056333132334,0.8836987145128535,0.6956521739130435,0.5045092593601476,0.8867950884659394
threshold_3,rfe,logreg,0.6538461538461539,0.47097980890573427,0.8367124987865735,0.7391304347826086,0.5596750795601348,0.9185857900050824,0.6938775510204082,0.5093907202048917,0.8783643818359246
threshold_3,rfe,rf,0.7096774193548387,0.5498916325957811,0.8694632061138964,0.9565217391304348,0.873179017733963,1.0398644605269067,0.8148148148148148,0.6967521802997015,0.932877449329928
threshold_3,rfe,svm,0.71875,0.5629712207243163,0.8745287792756837,1.0,1.0,1.0,0.8363636363636363,0.7308975405102147,0.9418297322170579
threshold_3,rfe,knn,0.71875,0.5629712207243163,0.8745287792756837,1.0,1.0,1.0,0.8363636363636363,0.7308975405102147,0.9418297322170579
threshold_3,rfe,gb,0.7096774193548387,0.5498916325957811,0.8694632061138964,0.9565217391304348,0.873179017733963,1.0398644605269067,0.8148148148148148,0.6967521802997015,0.932877449329928
threshold_3,rfe,nb,0.71875,0.5629712207243163,0.8745287792756837,1.0,1.0,1.0,0.8363636363636363,0.7308975405102147,0.9418297322170579
threshold_3,rfe,mlp,0.71875,0.5629712207243163,0.8745287792756837,1.0,1.0,1.0,0.8363636363636363,0.7308975405102147,0.9418297322170579
threshold_3,rfe,rule,0.6363636363636364,0.4353511288757195,0.8373761438515532,0.6086956521739131,0.4092421761187174,0.8081491282291088,0.6222222222222222,0.39476696398058675,0.8496774804638577
threshold_3,spearman,logreg,0.7241379310344828,0.561468579636768,0.8868072824321975,0.9130434782608696,0.7978889601695959,1.0281979963521435,0.8076923076923077,0.6805961703046499,0.9347884450799655
threshold_3,spearman,rf,0.71875,0.5629712207243163,0.8745287792756837,1.0,1.0,1.0,0.8363636363636363,0.7308975405102147,0.9418297322170579
threshold_3,spearman,svm,0.71875,0.5629712207243163,0.8745287792756837,1.0,1.0,1.0,0.8363636363636363,0.7308975405102147,0.9418297322170579
threshold_3,spearman,knn,0.71875,0.5629712207243163,0.8745287792756837,1.0,1.0,1.0,0.8363636363636363,0.7308975405102147,0.9418297322170579
threshold_3,spearman,gb,0.6896551724137931,0.5212763969736101,0.8580339478539762,0.8695652173913043,0.7319292428744989,1.0072011919081099,0.7692307692307693,0.6256841449844724,0.9127773934770661
threshold_3,spearman,nb,0.6896551724137931,0.5212763969736101,0.8580339478539762,0.8695652173913043,0.7319292428744989,1.0072011919081099,0.7692307692307693,0.6256841449844724,0.9127773934770661
threshold_3,spearman,mlp,0.7916666666666666,0.6291892403575442,0.9541440929757891,0.8260869565217391,0.6711827779375525,0.9809911351059257,0.8085106382978723,0.6695741438502434,0.9474471327455012
threshold_3,spearman,rule,0.6818181818181818,0.48718865834815783,0.8764477052882057,0.6521739130434783,0.4575272512113743,0.8468205748755823,0.6666666666666666,0.460272395528393,0.8730609378049403
threshold_3,all_features,logreg,0.7,0.5360176480688885,0.8639823519311114,0.9130434782608696,0.7978889601695959,1.0281979963521435,0.7924528301886793,0.6617464232770187,0.9231592371003399
threshold_3,all_features,rf,0.7419354838709677,0.5879022399247333,0.8959687278172022,1.0,1.0,1.0,0.8518518518518519,0.750325138935301,0.9533785647684028
threshold_3,all_features,svm,0.71875,0.5629712207243163,0.8745287792756837,1.0,1.0,1.0,0.8363636363636363,0.7308975405102147,0.9418297322170579
threshold_3,all_features,knn,0.71875,0.5629712207243163,0.8745287792756837,1.0,1.0,1.0,0.8363636363636363,0.7308975405102147,0.9418297322170579
threshold_3,all_features,gb,0.75,0.5767620219562902,0.9232379780437098,0.782608695652174,0.614039741743733,0.9511776495606149,0.7659574468085106,0.6081143801214889,0.9238005134955324
threshold_3,all_features,nb,0.71875,0.5629712207243163,0.8745287792756837,1.0,1.0,1.0,0.8363636363636363,0.7308975405102147,0.9418297322170579
threshold_3,all_features,mlp,0.71875,0.5629712207243163,0.8745287792756837,1.0,1.0,1.0,0.8363636363636363,0.7308975405102147,0.9418297322170579
threshold_3,all_features,rule,0.7222222222222222,0.5153052991433373,0.9291391453011071,0.5652173913043478,0.36262272238161125,0.7678120602270844,0.6341463414634146,0.4081247775369803,0.860167905389849
threshold_3,eyetracking,logreg,0.71875,0.5629712207243163,0.8745287792756837,1.0,1.0,1.0,0.8363636363636363,0.7308975405102147,0.9418297322170579
threshold_3,eyetracking,rf,0.71875,0.5629712207243163,0.8745287792756837,1.0,1.0,1.0,0.8363636363636363,0.7308975405102147,0.9418297322170579
threshold_3,eyetracking,svm,0.71875,0.5629712207243163,0.8745287792756837,1.0,1.0,1.0,0.8363636363636363,0.7308975405102147,0.9418297322170579
threshold_3,eyetracking,knn,0.71875,0.5629712207243163,0.8745287792756837,1.0,1.0,1.0,0.8363636363636363,0.7308975405102147,0.9418297322170579
threshold_3,eyetracking,gb,0.6666666666666666,0.478069044320638,0.8552642890126952,0.6956521739130435,0.5076056333132334,0.8836987145128535,0.6808510638297872,0.48529861893555537,0.8764035087240191
threshold_3,eyetracking,nb,0.68,0.4971447086482821,0.862855291351718,0.7391304347826086,0.5596750795601348,0.9185857900050824,0.7083333333333334,0.5275000752849434,0.8891665913817234
threshold_3,eyetracking,mlp,0.71875,0.5629712207243163,0.8745287792756837,1.0,1.0,1.0,0.8363636363636363,0.7308975405102147,0.9418297322170579
threshold_3,eyetracking,rule,0.68,0.4971447086482821,0.862855291351718,0.7391304347826086,0.5596750795601348,0.9185857900050824,0.7083333333333334,0.5275000752849434,0.8891665913817234
threshold_3,eeg,logreg,0.71875,0.5629712207243163,0.8745287792756837,1.0,1.0,1.0,0.8363636363636363,0.7308975405102147,0.9418297322170579
threshold_3,eeg,rf,0.71875,0.5629712207243163,0.8745287792756837,1.0,1.0,1.0,0.8363636363636363,0.7308975405102147,0.9418297322170579
threshold_3,eeg,svm,0.71875,0.5629712207243163,0.8745287792756837,1.0,1.0,1.0,0.8363636363636363,0.7308975405102147,0.9418297322170579
threshold_3,eeg,knn,0.7,0.5360176480688885,0.8639823519311114,0.9130434782608696,0.7978889601695959,1.0281979963521435,0.7924528301886793,0.6617464232770187,0.9231592371003399
threshold_3,eeg,gb,0.7241379310344828,0.561468579636768,0.8868072824321975,0.9130434782608696,0.7978889601695959,1.0281979963521435,0.8076923076923077,0.6805961703046499,0.9347884450799655
threshold_3,eeg,nb,0.5882352941176471,0.35428492811447043,0.8221856601208237,0.4347826086956521,0.23218793977291557,0.6373772776183886,0.5,0.20058182138715985,0.7994181786128401
threshold_3,eeg,mlp,0.7096774193548387,0.5498916325957811,0.8694632061138964,0.9565217391304348,0.873179017733963,1.0398644605269067,0.8148148148148148,0.6967521802997015,0.932877449329928
threshold_3,eeg,rule,0.7096774193548387,0.5498916325957811,0.8694632061138964,0.9565217391304348,0.873179017733963,1.0398644605269067,0.8148148148148148,0.6967521802997015,0.932877449329928
threshold_3,hrv,logreg,0.7,0.5360176480688885,0.8639823519311114,0.9130434782608696,0.7978889601695959,1.0281979963521435,0.7924528301886793,0.6617464232770187,0.9231592371003399
threshold_3,hrv,rf,0.7419354838709677,0.5879022399247333,0.8959687278172022,1.0,1.0,1.0,0.8518518518518519,0.750325138935301,0.9533785647684028
threshold_3,hrv,svm,0.71875,0.5629712207243163,0.8745287792756837,1.0,1.0,1.0,0.8363636363636363,0.7308975405102147,0.9418297322170579
threshold_3,hrv,knn,0.71875,0.5629712207243163,0.8745287792756837,1.0,1.0,1.0,0.8363636363636363,0.7308975405102147,0.9418297322170579
threshold_3,hrv,gb,0.7333333333333333,0.5750910492850393,0.8915756173816273,0.9565217391304348,0.873179017733963,1.0398644605269067,0.8301886792452831,0.7158623027228308,0.9445150557677353
threshold_3,hrv,nb,0.71875,0.5629712207243163,0.8745287792756837,1.0,1.0,1.0,0.8363636363636363,0.7308975405102147,0.9418297322170579
threshold_3,hrv,mlp,0.71875,0.5629712207243163,0.8745287792756837,1.0,1.0,1.0,0.8363636363636363,0.7308975405102147,0.9418297322170579
threshold_3,hrv,rule,0.7391304347826086,0.5596750795601348,0.9185857900050824,0.7391304347826086,0.5596750795601348,0.9185857900050824,0.7391304347826086,0.5674501837381855,0.9108106858270318
threshold_3,non_intrusive,logreg,0.7,0.5360176480688885,0.8639823519311114,0.9130434782608696,0.7978889601695959,1.0281979963521435,0.7924528301886793,0.6617464232770187,0.9231592371003399
threshold_3,non_intrusive,rf,0.7419354838709677,0.5879022399247333,0.8959687278172022,1.0,1.0,1.0,0.8518518518518519,0.750325138935301,0.9533785647684028
threshold_3,non_intrusive,svm,0.71875,0.5629712207243163,0.8745287792756837,1.0,1.0,1.0,0.8363636363636363,0.7308975405102147,0.9418297322170579
threshold_3,non_intrusive,knn,0.71875,0.5629712207243163,0.8745287792756837,1.0,1.0,1.0,0.8363636363636363,0.7308975405102147,0.9418297322170579
threshold_3,non_intrusive,gb,0.7692307692307693,0.607281612087224,0.9311799263743146,0.8695652173913043,0.7319292428744989,1.0072011919081099,0.8163265306122449,0.6851221315743472,0.9475309296501426
threshold_3,non_intrusive,nb,0.71875,0.5629712207243163,0.8745287792756837,1.0,1.0,1.0,0.8363636363636363,0.7308975405102147,0.9418297322170579
threshold_3,non_intrusive,mlp,0.7096774193548387,0.5498916325957811,0.8694632061138964,0.9565217391304348,0.873179017733963,1.0398644605269067,0.8148148148148148,0.6967521802997015,0.932877449329928
threshold_3,non_intrusive,rule,0.7407407407407407,0.5754431732293338,0.9060383082521476,0.8695652173913043,0.7319292428744989,1.0072011919081099,0.8,0.6640821289758785,0.9359178710241216
threshold_3_5,pca,logreg,0.6666666666666666,0.46504732758694656,0.8682860057463867,0.6086956521739131,0.4092421761187174,0.8081491282291088,0.6363636363636364,0.41387066120105376,0.858856611526219
threshold_3_5,pca,rf,0.6666666666666666,0.4888551230979514,0.8444782102353818,0.782608695652174,0.614039741743733,0.9511776495606149,0.72,0.5496819490475634,0.8903180509524365
threshold_3_5,pca,svm,0.7096774193548387,0.5498916325957811,0.8694632061138964,0.9565217391304348,0.873179017733963,1.0398644605269067,0.8148148148148148,0.6967521802997015,0.932877449329928
threshold_3_5,pca,knn,0.6666666666666666,0.46504732758694656,0.8682860057463867,0.6086956521739131,0.4092421761187174,0.8081491282291088,0.6363636363636364,0.41387066120105376,0.858856611526219
threshold_3_5,pca,gb,0.75,0.44994302022779314,1.0500569797722068,0.2608695652173913,0.08141420999491758,0.44032492043986504,0.3870967741935484,0.08236083266386385,0.6918327157232329
threshold_3_5,pca,nb,0.7727272727272727,0.597612198465903,0.9478423469886424,0.7391304347826086,0.5596750795601348,0.9185857900050824,0.7555555555555555,0.5895768651990326,0.9215342459120784
threshold_3_5,pca,mlp,0.7222222222222222,0.5153052991433373,0.9291391453011071,0.5652173913043478,0.36262272238161125,0.7678120602270844,0.6341463414634146,0.4081247775369803,0.860167905389849
threshold_3_5,pca,rule,0.8666666666666667,0.6946391672818109,1.0386941660515225,0.5652173913043478,0.36262272238161125,0.7678120602270844,0.6842105263157895,0.4884267051433033,0.8799943474882757
threshold_3_5,ica,logreg,0.625,0.38778412902218873,0.8622158709778113,0.4347826086956521,0.23218793977291557,0.6373772776183886,0.5128205128205128,0.2220095117709564,0.8036315138700691
threshold_3_5,ica,rf,0.8888888888888888,0.6835698038000476,1.09420797397773,0.3478260869565217,0.1531794251244177,0.5424727487886256,0.5,0.25523638841877244,0.7447636115812275
threshold_3_5,ica,svm,0.6785714285714286,0.5055861683545264,0.8515566887883308,0.8260869565217391,0.6711827779375525,0.9809911351059257,0.7450980392156863,0.5883871376199347,0.9018089408114379
threshold_3_5,ica,knn,0.5789473684210527,0.3569442751762152,0.8009504616658901,0.4782608695652174,0.27411372836892345,0.6824080107615114,0.5238095238095238,0.23951238442721967,0.808106663191828
threshold_3_5,ica,gb,0.6,0.3852967027539411,0.8147032972460588,0.5217391304347826,0.31759198923848864,0.7258862716310766,0.5581395348837209,0.2943119809754773,0.8219670887919646
threshold_3_5,ica,nb,0.71875,0.5629712207243163,0.8745287792756837,1.0,1.0,1.0,0.8363636363636363,0.7308975405102147,0.9418297322170579
threshold_3_5,ica,mlp,0.5294117647058824,0.29214278803842825,0.7666807413733365,0.391304347826087,0.1918508717708913,0.5907578238812826,0.45,0.11827251700479297,0.781727482995207
threshold_3_5,ica,rule,0.6818181818181818,0.48718865834815783,0.8764477052882057,0.6521739130434783,0.4575272512113743,0.8468205748755823,0.6666666666666666,0.460272395528393,0.8730609378049403
threshold_3_5,mi,logreg,0.6,0.3520819870781754,0.8479180129218246,0.391304347826087,0.1918508717708913,0.5907578238812826,0.4736842105263157,0.1601472035577633,0.7872212174948681
threshold_3_5,mi,rf,0.6521739130434783,0.4575272512113743,0.8468205748755823,0.6521739130434783,0.4575272512113743,0.8468205748755823,0.6521739130434783,0.44113208545104327,0.8632157406359133
threshold_3_5,mi,svm,0.71875,0.5629712207243163,0.8745287792756837,1.0,1.0,1.0,0.8363636363636363,0.7308975405102147,0.9418297322170579
threshold_3_5,mi,knn,0.7272727272727273,0.5411713075347333,0.9133741470107213,0.6956521739130435,0.5076056333132334,0.8836987145128535,0.7111111111111111,0.5250910631767203,0.897131159045502
threshold_3_5,mi,gb,0.5,0.23808879569410069,0.7619112043058993,0.3043478260869565,0.11630128548714644,0.4923943666867665,0.3783783783783784,-0.0026733353478867183,0.7594300921046435
threshold_3_5,mi,nb,0.6,0.29636368514840156,0.9036363148515985,0.2608695652173913,0.08141420999491758,0.44032492043986504,0.3636363636363636,0.0029006459792509376,0.7243720812934762
threshold_3_5,mi,mlp,0.6923076923076923,0.5149012792347549,0.8697141053806297,0.782608695652174,0.614039741743733,0.9511776495606149,0.7346938775510204,0.5679441664709266,0.9014435886311143
threshold_3_5,mi,rule,0.6666666666666666,0.428107447504379,0.9052258858289542,0.4347826086956521,0.23218793977291557,0.6373772776183886,0.5263157894736842,0.24557773370927372,0.8070538452380946
threshold_3_5,anova,logreg,0.7241379310344828,0.561468579636768,0.8868072824321975,0.9130434782608696,0.7978889601695959,1.0281979963521435,0.8076923076923077,0.6805961703046499,0.9347884450799655
threshold_3_5,anova,rf,0.6086956521739131,0.4092421761187174,0.8081491282291088,0.6086956521739131,0.4092421761187174,0.8081491282291088,0.6086956521739131,0.37699545036343285,0.8403958539843933
threshold_3_5,anova,svm,0.71875,0.5629712207243163,0.8745287792756837,1.0,1.0,1.0,0.8363636363636363,0.7308975405102147,0.9418297322170579
threshold_3_5,anova,knn,0.64,0.45184345748415483,0.8281565425158453,0.6956521739130435,0.5076056333132334,0.8836987145128535,0.6666666666666666,0.46732355900998535,0.8660097743233479
threshold_3_5,anova,gb,0.75,0.5767620219562902,0.9232379780437098,0.782608695652174,0.614039741743733,0.9511776495606149,0.7659574468085106,0.6081143801214889,0.9238005134955324
threshold_3_5,anova,nb,0.5294117647058824,0.29214278803842825,0.7666807413733365,0.391304347826087,0.1918508717708913,0.5907578238812826,0.45,0.11827251700479297,0.781727482995207
threshold_3_5,anova,mlp,0.6818181818181818,0.48718865834815783,0.8764477052882057,0.6521739130434783,0.4575272512113743,0.8468205748755823,0.6666666666666666,0.460272395528393,0.8730609378049403
threshold_3_5,anova,rule,0.7142857142857143,0.5210709081024998,0.9075005204689288,0.6521739130434783,0.4575272512113743,0.8468205748755823,0.6818181818181818,0.48083422927145414,0.8828021343649094
threshold_3_5,rfe,logreg,0.5882352941176471,0.35428492811447043,0.8221856601208237,0.4347826086956521,0.23218793977291557,0.6373772776183886,0.5,0.20058182138715985,0.7994181786128401
threshold_3_5,rfe,rf,0.6896551724137931,0.5212763969736101,0.8580339478539762,0.8695652173913043,0.7319292428744989,1.0072011919081099,0.7692307692307693,0.6256841449844724,0.9127773934770661
threshold_3_5,rfe,svm,0.7,0.5360176480688885,0.8639823519311114,0.9130434782608696,0.7978889601695959,1.0281979963521435,0.7924528301886793,0.6617464232770187,0.9231592371003399
threshold_3_5,rfe,knn,0.6666666666666666,0.4888551230979514,0.8444782102353818,0.782608695652174,0.614039741743733,0.9511776495606149,0.72,0.5496819490475634,0.8903180509524365
threshold_3_5,rfe,gb,0.7307692307692307,0.5602733504809246,0.9012651110575368,0.8260869565217391,0.6711827779375525,0.9809911351059257,0.7755102040816326,0.6264084834913605,0.9246119246719048
threshold_3_5,rfe,nb,0.5714285714285714,0.31220370689750276,0.83065343595964,0.3478260869565217,0.1531794251244177,0.5424727487886256,0.4324324324324324,0.0935514457821987,0.771313419082666
threshold_3_5,rfe,mlp,0.7272727272727273,0.5411713075347333,0.9133741470107213,0.6956521739130435,0.5076056333132334,0.8836987145128535,0.7111111111111111,0.5250910631767203,0.897131159045502
threshold_3_5,rfe,rule,0.782608695652174,0.614039741743733,0.9511776495606149,0.782608695652174,0.614039741743733,0.9511776495606149,0.782608695652174,0.6303023756887203,0.9349150156156276
threshold_3_5,spearman,logreg,0.631578947368421,0.41468005579828326,0.8484778389385588,0.5217391304347826,0.31759198923848864,0.7258862716310766,0.5714285714285714,0.3134815820495222,0.8293755608076205
threshold_3_5,spearman,rf,0.7307692307692307,0.5602733504809246,0.9012651110575368,0.8260869565217391,0.6711827779375525,0.9809911351059257,0.7755102040816326,0.6264084834913605,0.9246119246719048
threshold_3_5,spearman,svm,0.7,0.5360176480688885,0.8639823519311114,0.9130434782608696,0.7978889601695959,1.0281979963521435,0.7924528301886793,0.6617464232770187,0.9231592371003399
threshold_3_5,spearman,knn,0.6666666666666666,0.4888551230979514,0.8444782102353818,0.782608695652174,0.614039741743733,0.9511776495606149,0.72,0.5496819490475634,0.8903180509524365
threshold_3_5,spearman,gb,0.6666666666666666,0.46504732758694656,0.8682860057463867,0.6086956521739131,0.4092421761187174,0.8081491282291088,0.6363636363636364,0.41387066120105376,0.858856611526219
threshold_3_5,spearman,nb,0.6,0.29636368514840156,0.9036363148515985,0.2608695652173913,0.08141420999491758,0.44032492043986504,0.3636363636363636,0.0029006459792509376,0.7243720812934762
threshold_3_5,spearman,mlp,0.8181818181818182,0.5902550587990167,1.0461085775646197,0.391304347826087,0.1918508717708913,0.5907578238812826,0.5294117647058824,0.2751539814375224,0.7836695479742424
threshold_3_5,spearman,rule,0.7727272727272727,0.597612198465903,0.9478423469886424,0.7391304347826086,0.5596750795601348,0.9185857900050824,0.7555555555555555,0.5895768651990326,0.9215342459120784
threshold_3_5,all_features,logreg,0.68,0.4971447086482821,0.862855291351718,0.7391304347826086,0.5596750795601348,0.9185857900050824,0.7083333333333334,0.5275000752849434,0.8891665913817234
threshold_3_5,all_features,rf,0.7037037037037037,0.5314675816123684,0.875939825795039,0.8260869565217391,0.6711827779375525,0.9809911351059257,0.76,0.6068212562912841,0.9131787437087159
threshold_3_5,all_features,svm,0.7,0.5360176480688885,0.8639823519311114,0.9130434782608696,0.7978889601695959,1.0281979963521435,0.7924528301886793,0.6617464232770187,0.9231592371003399
threshold_3_5,all_features,knn,0.8095238095238095,0.6415762856317595,0.9774713334158596,0.7391304347826086,0.5596750795601348,0.9185857900050824,0.7727272727272727,0.613378000178461,0.9320765452760844
threshold_3_5,all_features,gb,0.7142857142857143,0.5210709081024998,0.9075005204689288,0.6521739130434783,0.4575272512113743,0.8468205748755823,0.6818181818181818,0.48083422927145414,0.8828021343649094
threshold_3_5,all_features,nb,0.6363636363636364,0.4353511288757195,0.8373761438515532,0.6086956521739131,0.4092421761187174,0.8081491282291088,0.6222222222222222,0.39476696398058675,0.8496774804638577
threshold_3_5,all_features,mlp,0.71875,0.5629712207243163,0.8745287792756837,1.0,1.0,1.0,0.8363636363636363,0.7308975405102147,0.9418297322170579
threshold_3_5,all_features,rule,0.7692307692307693,0.607281612087224,0.9311799263743146,0.8695652173913043,0.7319292428744989,1.0072011919081099,0.8163265306122449,0.6851221315743472,0.9475309296501426
threshold_3_5,eyetracking,logreg,0.7241379310344828,0.561468579636768,0.8868072824321975,0.9130434782608696,0.7978889601695959,1.0281979963521435,0.8076923076923077,0.6805961703046499,0.9347884450799655
threshold_3_5,eyetracking,rf,0.6842105263157895,0.47520152460660015,0.8932195280249788,0.5652173913043478,0.36262272238161125,0.7678120602270844,0.6190476190476191,0.3857096195964115,0.8523856184988267
threshold_3_5,eyetracking,svm,0.6896551724137931,0.5212763969736101,0.8580339478539762,0.8695652173913043,0.7319292428744989,1.0072011919081099,0.7692307692307693,0.6256841449844724,0.9127773934770661
threshold_3_5,eyetracking,knn,0.8260869565217391,0.6711827779375525,0.9809911351059257,0.8260869565217391,0.6711827779375525,0.9809911351059257,0.8260869565217391,0.6934934150715687,0.9586804979719096
threshold_3_5,eyetracking,gb,0.7692307692307693,0.5402000747834759,0.9982614636780627,0.4347826086956521,0.23218793977291557,0.6373772776183886,0.5555555555555556,0.3004046242581746,0.8107064868529366
threshold_3_5,eyetracking,nb,0.7142857142857143,0.37962785320181347,1.048943575369615,0.217391304347826,0.0488223504393851,0.3859602582562669,0.3333333333333333,0.009196983936725689,0.6574696827299409
threshold_3_5,eyetracking,mlp,0.71875,0.5629712207243163,0.8745287792756837,1.0,1.0,1.0,0.8363636363636363,0.7308975405102147,0.9418297322170579
threshold_3_5,eyetracking,rule,0.5714285714285714,0.2048292523044059,0.9380278905527368,0.1739130434782608,0.01900886489407419,0.32881722206244746,0.2666666666666666,-0.12606344794354019,0.6593967812768734
threshold_3_5,eeg,logreg,0.71875,0.5629712207243163,0.8745287792756837,1.0,1.0,1.0,0.8363636363636363,0.7308975405102147,0.9418297322170579
threshold_3_5,eeg,rf,0.7037037037037037,0.5314675816123684,0.875939825795039,0.8260869565217391,0.6711827779375525,0.9809911351059257,0.76,0.6068212562912841,0.9131787437087159
threshold_3_5,eeg,svm,0.71875,0.5629712207243163,0.8745287792756837,1.0,1.0,1.0,0.8363636363636363,0.7308975405102147,0.9418297322170579
threshold_3_5,eeg,knn,0.7307692307692307,0.5602733504809246,0.9012651110575368,0.8260869565217391,0.6711827779375525,0.9809911351059257,0.7755102040816326,0.6264084834913605,0.9246119246719048
threshold_3_5,eeg,gb,0.76,0.592586489327222,0.927413510672778,0.8260869565217391,0.6711827779375525,0.9809911351059257,0.7916666666666666,0.647275304884469,0.9360580284488642
threshold_3_5,eeg,nb,0.8461538461538461,0.6500236769652681,1.0422840153424242,0.4782608695652174,0.27411372836892345,0.6824080107615114,0.6111111111111112,0.38698728831555906,0.8352349339066633
threshold_3_5,eeg,mlp,0.7142857142857143,0.5469567837437639,0.8816146448276647,0.8695652173913043,0.7319292428744989,1.0072011919081099,0.7843137254901961,0.6443121034612862,0.9243153475191059
threshold_3_5,eeg,rule,0.75,0.5378276748607178,0.9621723251392822,0.5217391304347826,0.31759198923848864,0.7258862716310766,0.6153846153846154,0.38174334662356424,0.8490258841456666
threshold_3_5,hrv,logreg,0.7419354838709677,0.5879022399247333,0.8959687278172022,1.0,1.0,1.0,0.8518518518518519,0.750325138935301,0.9533785647684028
threshold_3_5,hrv,rf,0.7241379310344828,0.561468579636768,0.8868072824321975,0.9130434782608696,0.7978889601695959,1.0281979963521435,0.8076923076923077,0.6805961703046499,0.9347884450799655
threshold_3_5,hrv,svm,0.71875,0.5629712207243163,0.8745287792756837,1.0,1.0,1.0,0.8363636363636363,0.7308975405102147,0.9418297322170579
threshold_3_5,hrv,knn,0.6666666666666666,0.46504732758694656,0.8682860057463867,0.6086956521739131,0.4092421761187174,0.8081491282291088,0.6363636363636364,0.41387066120105376,0.858856611526219
threshold_3_5,hrv,gb,0.68,0.4971447086482821,0.862855291351718,0.7391304347826086,0.5596750795601348,0.9185857900050824,0.7083333333333334,0.5275000752849434,0.8891665913817234
threshold_3_5,hrv,nb,0.7272727272727273,0.5411713075347333,0.9133741470107213,0.6956521739130435,0.5076056333132334,0.8836987145128535,0.7111111111111111,0.5250910631767203,0.897131159045502
threshold_3_5,hrv,mlp,0.71875,0.5629712207243163,0.8745287792756837,1.0,1.0,1.0,0.8363636363636363,0.7308975405102147,0.9418297322170579
threshold_3_5,hrv,rule,0.6818181818181818,0.48718865834815783,0.8764477052882057,0.6521739130434783,0.4575272512113743,0.8468205748755823,0.6666666666666666,0.460272395528393,0.8730609378049403
threshold_3_5,non_intrusive,logreg,0.6923076923076923,0.5149012792347549,0.8697141053806297,0.782608695652174,0.614039741743733,0.9511776495606149,0.7346938775510204,0.5679441664709266,0.9014435886311143
threshold_3_5,non_intrusive,rf,0.7142857142857143,0.5469567837437639,0.8816146448276647,0.8695652173913043,0.7319292428744989,1.0072011919081099,0.7843137254901961,0.6443121034612862,0.9243153475191059
threshold_3_5,non_intrusive,svm,0.7,0.5360176480688885,0.8639823519311114,0.9130434782608696,0.7978889601695959,1.0281979963521435,0.7924528301886793,0.6617464232770187,0.9231592371003399
threshold_3_5,non_intrusive,knn,0.8095238095238095,0.6415762856317595,0.9774713334158596,0.7391304347826086,0.5596750795601348,0.9185857900050824,0.7727272727272727,0.613378000178461,0.9320765452760844
threshold_3_5,non_intrusive,gb,0.7619047619047619,0.5797400956677012,0.9440694281418225,0.6956521739130435,0.5076056333132334,0.8836987145128535,0.7272727272727273,0.5472045562434281,0.9073408983020265
threshold_3_5,non_intrusive,nb,0.6363636363636364,0.4353511288757195,0.8373761438515532,0.6086956521739131,0.4092421761187174,0.8081491282291088,0.6222222222222222,0.39476696398058675,0.8496774804638577
threshold_3_5,non_intrusive,mlp,0.6666666666666666,0.13323203596052113,1.2001012973728122,0.0869565217391304,-0.028197996352143387,0.20211103983040418,0.1538461538461538,-0.16201059724772032,0.4697029049400279
threshold_3_5,non_intrusive,rule,0.6666666666666666,0.4488928906066606,0.8844404427266727,0.5217391304347826,0.31759198923848864,0.7258862716310766,0.5853658536585366,0.3342988962922105,0.8364328110248627
threshold_4,pca,logreg,0.45,0.23196777094638096,0.668032229053619,0.8181818181818182,0.5902550587990167,1.0461085775646197,0.5806451612903226,0.3247525637956855,0.8365377587849597
threshold_4,pca,rf,0.4545454545454545,0.2464777419237667,0.6626131671671422,0.9090909090909092,0.7392043331338485,1.0789774850479699,0.6060606060606061,0.38631598642605747,0.8258052256951547
threshold_4,pca,svm,0.4761904761904761,0.2625834708401551,0.6897974815407971,0.9090909090909092,0.7392043331338485,1.0789774850479699,0.625,0.4057557096135951,0.8442442903864049
threshold_4,pca,knn,0.5263157894736842,0.3018041070755586,0.7508274718718098,0.9090909090909092,0.7392043331338485,1.0789774850479699,0.6666666666666666,0.4503700511261074,0.8829632822072259
threshold_4,pca,gb,0.3529411764705882,0.12577342637956151,0.5801089265616148,0.5454545454545454,0.25120236437300697,0.8397067265360838,0.4285714285714285,0.027943877558087582,0.8291989795847694
threshold_4,pca,nb,0.4444444444444444,0.2148907287760883,0.6739981601128006,0.7272727272727273,0.4640855755023683,0.9904598790430863,0.5517241379310345,0.2547684716654458,0.8486798041966231
threshold_4,pca,mlp,0.4444444444444444,0.2148907287760883,0.6739981601128006,0.7272727272727273,0.4640855755023683,0.9904598790430863,0.5517241379310345,0.2547684716654458,0.8486798041966231
threshold_4,pca,rule,0.4210526315789473,0.19904953833410985,0.6430557248237847,0.7272727272727273,0.4640855755023683,0.9904598790430863,0.5333333333333333,0.23632151679213825,0.8303451498745285
threshold_4,ica,logreg,0.4761904761904761,0.2625834708401551,0.6897974815407971,0.9090909090909092,0.7392043331338485,1.0789774850479699,0.625,0.4057557096135951,0.8442442903864049
threshold_4,ica,rf,0.2666666666666666,0.042878282424673536,0.4904550509086597,0.3636363636363636,0.07936174934032825,0.6479109779323989,0.3076923076923077,-0.2521910864852758,0.8675757018698912
threshold_4,ica,svm,0.4285714285714285,0.21691521299035801,0.640227644152499,0.8181818181818182,0.5902550587990167,1.0461085775646197,0.5625,0.3066782359077096,0.8183217640922904
threshold_4,ica,knn,0.4761904761904761,0.2625834708401551,0.6897974815407971,0.9090909090909092,0.7392043331338485,1.0789774850479699,0.625,0.4057557096135951,0.8442442903864049
threshold_4,ica,gb,0.4166666666666667,0.13772702149116767,0.6956063118421657,0.4545454545454545,0.16029327346391603,0.748797635626993,0.4347826086956521,-0.029965372885551234,0.8995305902768554
threshold_4,ica,nb,0.4375,0.19442606491861436,0.6805739350813856,0.6363636363636364,0.352089022067601,0.9206382506596718,0.5185185185185185,0.17428617424946669,0.8627508627875703
threshold_4,ica,mlp,0.4705882352941176,0.23331925862666347,0.7078572119615717,0.7272727272727273,0.4640855755023683,0.9904598790430863,0.5714285714285714,0.27536602968904356,0.8674911131680992
threshold_4,ica,rule,0.3846153846153846,0.12015351843172112,0.6490772507990481,0.4545454545454545,0.16029327346391603,0.748797635626993,0.4166666666666667,-0.05224675516933125,0.8855800885026646
threshold_4,mi,logreg,0.5,0.25500450193249324,0.7449954980675068,0.7272727272727273,0.4640855755023683,0.9904598790430863,0.5925925925925926,0.29846799028696747,0.8867171948982177
threshold_4,mi,rf,0.4347826086956521,0.23218793977291557,0.6373772776183886,0.9090909090909092,0.7392043331338485,1.0789774850479699,0.5882352941176471,0.3684824233665517,0.8079881648687425
threshold_4,mi,svm,0.4545454545454545,0.2464777419237667,0.6626131671671422,0.9090909090909092,0.7392043331338485,1.0789774850479699,0.6060606060606061,0.38631598642605747,0.8258052256951547
threshold_4,mi,knn,0.4736842105263157,0.24917252812819013,0.6981958929244413,0.8181818181818182,0.5902550587990167,1.0461085775646197,0.6,0.344660312060819,0.855339687939181
threshold_4,mi,gb,0.45,0.23196777094638096,0.668032229053619,0.8181818181818182,0.5902550587990167,1.0461085775646197,0.5806451612903226,0.3247525637956855,0.8365377587849597
threshold_4,mi,nb,0.5,0.25500450193249324,0.7449954980675068,0.7272727272727273,0.4640855755023683,0.9904598790430863,0.5925925925925926,0.29846799028696747,0.8867171948982177
threshold_4,mi,mlp,0.1818181818181818,-0.046108577564619724,0.4097449412009833,0.1818181818181818,-0.046108577564619724,0.4097449412009833,0.1818181818181818,-0.7046088826358125,1.068245246272176
threshold_4,mi,rule,0.4761904761904761,0.2625834708401551,0.6897974815407971,0.9090909090909092,0.7392043331338485,1.0789774850479699,0.625,0.4057557096135951,0.8442442903864049
threshold_4,anova,logreg,0.5263157894736842,0.3018041070755586,0.7508274718718098,0.9090909090909092,0.7392043331338485,1.0789774850479699,0.6666666666666666,0.4503700511261074,0.8829632822072259
threshold_4,anova,rf,0.4285714285714285,0.21691521299035801,0.640227644152499,0.8181818181818182,0.5902550587990167,1.0461085775646197,0.5625,0.3066782359077096,0.8183217640922904
threshold_4,anova,svm,0.5294117647058824,0.29214278803842825,0.7666807413733365,0.8181818181818182,0.5902550587990167,1.0461085775646197,0.6428571428571429,0.39112336823659166,0.8945909174776941
threshold_4,anova,knn,0.3809523809523809,0.17325270518749772,0.5886520567172641,0.7272727272727273,0.4640855755023683,0.9904598790430863,0.5,0.20476167232453024,0.7952383276754698
threshold_4,anova,gb,0.4230769230769231,0.2331747033378716,0.6129791428159745,1.0,1.0,1.0,0.5945945945945946,0.4070505470509879,0.7821386421382013
threshold_4,anova,nb,0.5625,0.31942606491861436,0.8055739350813856,0.8181818181818182,0.5902550587990167,1.0461085775646197,0.6666666666666666,0.41841116230421316,0.9149221710291201
threshold_4,anova,mlp,0.5,0.2808693648558546,0.7191306351441453,0.9090909090909092,0.7392043331338485,1.0789774850479699,0.6451612903225806,0.4270200814272542,0.863302499217907
threshold_4,anova,rule,0.4285714285714285,0.21691521299035801,0.640227644152499,0.8181818181818182,0.5902550587990167,1.0461085775646197,0.5625,0.3066782359077096,0.8183217640922904
threshold_4,rfe,logreg,0.5294117647058824,0.29214278803842825,0.7666807413733365,0.8181818181818182,0.5902550587990167,1.0461085775646197,0.6428571428571429,0.39112336823659166,0.8945909174776941
threshold_4,rfe,rf,0.4090909090909091,0.2036405045896507,0.6145413135921676,0.8181818181818182,0.5902550587990167,1.0461085775646197,0.5454545454545454,0.29020943083132694,0.8006996600777638
threshold_4,rfe,svm,0.5625,0.31942606491861436,0.8055739350813856,0.8181818181818182,0.5902550587990167,1.0461085775646197,0.6666666666666666,0.41841116230421316,0.9149221710291201
threshold_4,rfe,knn,0.3809523809523809,0.17325270518749772,0.5886520567172641,0.7272727272727273,0.4640855755023683,0.9904598790430863,0.5,0.20476167232453024,0.7952383276754698
threshold_4,rfe,gb,0.3333333333333333,0.13171399425361324,0.5349526724130533,0.6363636363636364,0.352089022067601,0.9206382506596718,0.4375,0.09824709239942597,0.776752907600574
threshold_4,rfe,nb,0.5625,0.31942606491861436,0.8055739350813856,0.8181818181818182,0.5902550587990167,1.0461085775646197,0.6666666666666666,0.41841116230421316,0.9149221710291201
threshold_4,rfe,mlp,0.4285714285714285,0.16934656404035986,0.6877962931024971,0.5454545454545454,0.25120236437300697,0.8397067265360838,0.48,0.08059697662275056,0.8794030233772494
threshold_4,rfe,rule,0.4117647058823529,0.1778143398791763,0.6457150718855296,0.6363636363636364,0.352089022067601,0.9206382506596718,0.5,0.15521861618495542,0.8447813838150446
threshold_4,spearman,logreg,0.4545454545454545,0.2464777419237667,0.6626131671671422,0.9090909090909092,0.7392043331338485,1.0789774850479699,0.6060606060606061,0.38631598642605747,0.8258052256951547
threshold_4,spearman,rf,0.45,0.23196777094638096,0.668032229053619,0.8181818181818182,0.5902550587990167,1.0461085775646197,0.5806451612903226,0.3247525637956855,0.8365377587849597
threshold_4,spearman,svm,0.5294117647058824,0.29214278803842825,0.7666807413733365,0.8181818181818182,0.5902550587990167,1.0461085775646197,0.6428571428571429,0.39112336823659166,0.8945909174776941
threshold_4,spearman,knn,0.3636363636363636,0.16262385614844674,0.5646488711242804,0.7272727272727273,0.4640855755023683,0.9904598790430863,0.4848484848484848,0.19120238511297089,0.7784945845839988
threshold_4,spearman,gb,0.5333333333333333,0.2808659865872663,0.7858006800794004,0.7272727272727273,0.4640855755023683,0.9904598790430863,0.6153846153846154,0.32450835060134436,0.9062608801678864
threshold_4,spearman,nb,0.5625,0.31942606491861436,0.8055739350813856,0.8181818181818182,0.5902550587990167,1.0461085775646197,0.6666666666666666,0.41841116230421316,0.9149221710291201
threshold_4,spearman,mlp,0.4736842105263157,0.24917252812819013,0.6981958929244413,0.8181818181818182,0.5902550587990167,1.0461085775646197,0.6,0.344660312060819,0.855339687939181
threshold_4,spearman,rule,0.5,0.2690160292750537,0.7309839707249464,0.8181818181818182,0.5902550587990167,1.0461085775646197,0.6206896551724138,0.366674098138886,0.8747052122059416
threshold_4,all_features,logreg,0.5263157894736842,0.3018041070755586,0.7508274718718098,0.9090909090909092,0.7392043331338485,1.0789774850479699,0.6666666666666666,0.4503700511261074,0.8829632822072259
threshold_4,all_features,rf,0.4090909090909091,0.2036405045896507,0.6145413135921676,0.8181818181818182,0.5902550587990167,1.0461085775646197,0.5454545454545454,0.29020943083132694,0.8006996600777638
threshold_4,all_features,svm,0.5625,0.31942606491861436,0.8055739350813856,0.8181818181818182,0.5902550587990167,1.0461085775646197,0.6666666666666666,0.41841116230421316,0.9149221710291201
threshold_4,all_features,knn,0.4090909090909091,0.2036405045896507,0.6145413135921676,0.8181818181818182,0.5902550587990167,1.0461085775646197,0.5454545454545454,0.29020943083132694,0.8006996600777638
threshold_4,all_features,gb,0.5,0.2690160292750537,0.7309839707249464,0.8181818181818182,0.5902550587990167,1.0461085775646197,0.6206896551724138,0.366674098138886,0.8747052122059416
threshold_4,all_features,nb,0.5625,0.31942606491861436,0.8055739350813856,0.8181818181818182,0.5902550587990167,1.0461085775646197,0.6666666666666666,0.41841116230421316,0.9149221710291201
threshold_4,all_features,mlp,0.3928571428571428,0.21195994179548827,0.5737543439187973,1.0,1.0,1.0,0.5641025641025641,0.37761550870172633,0.7505896195034019
threshold_4,all_features,rule,0.5,0.29106713723243194,0.7089328627675681,1.0,1.0,1.0,0.6666666666666666,0.4809485664288284,0.8523847669045048
threshold_4,eyetracking,logreg,0.4666666666666667,0.21419931992059965,0.7191340134127338,0.6363636363636364,0.352089022067601,0.9206382506596718,0.5384615384615384,0.19596577757819622,0.8809572993448807
threshold_4,eyetracking,rf,0.4761904761904761,0.2625834708401551,0.6897974815407971,0.9090909090909092,0.7392043331338485,1.0789774850479699,0.625,0.4057557096135951,0.8442442903864049
threshold_4,eyetracking,svm,0.5384615384615384,0.26746876623575894,0.809454310687318,0.6363636363636364,0.352089022067601,0.9206382506596718,0.5833333333333334,0.24920322951453944,0.9174634371521273
threshold_4,eyetracking,knn,0.3636363636363636,0.16262385614844674,0.5646488711242804,0.7272727272727273,0.4640855755023683,0.9904598790430863,0.4848484848484848,0.19120238511297089,0.7784945845839988
threshold_4,eyetracking,gb,0.3888888888888889,0.16368043142557462,0.6140973463522031,0.6363636363636364,0.352089022067601,0.9206382506596718,0.4827586206896552,0.13837354661862677,0.8271436947606836
threshold_4,eyetracking,nb,0.8,0.4493909837693675,1.1506090162306326,0.3636363636363636,0.07936174934032825,0.6479109779323989,0.5,0.11490455093802171,0.8850954490619782
threshold_4,eyetracking,mlp,0.3928571428571428,0.21195994179548827,0.5737543439187973,1.0,1.0,1.0,0.5641025641025641,0.37761550870172633,0.7505896195034019
threshold_4,eyetracking,rule,0.4782608695652174,0.27411372836892345,0.6824080107615114,1.0,1.0,1.0,0.6470588235294118,0.4602182738878209,0.8338993731710027
threshold_4,eeg,logreg,0.4705882352941176,0.23331925862666347,0.7078572119615717,0.7272727272727273,0.4640855755023683,0.9904598790430863,0.5714285714285714,0.27536602968904356,0.8674911131680992
threshold_4,eeg,rf,0.5263157894736842,0.3018041070755586,0.7508274718718098,0.9090909090909092,0.7392043331338485,1.0789774850479699,0.6666666666666666,0.4503700511261074,0.8829632822072259
threshold_4,eeg,svm,0.3928571428571428,0.21195994179548827,0.5737543439187973,1.0,1.0,1.0,0.5641025641025641,0.37761550870172633,0.7505896195034019
threshold_4,eeg,knn,0.5555555555555556,0.2309175775642291,0.880193533546882,0.4545454545454545,0.16029327346391603,0.748797635626993,0.5,0.06831821049310854,0.9316817895068914
threshold_4,eeg,gb,0.5625,0.31942606491861436,0.8055739350813856,0.8181818181818182,0.5902550587990167,1.0461085775646197,0.6666666666666666,0.41841116230421316,0.9149221710291201
threshold_4,eeg,nb,0.5384615384615384,0.26746876623575894,0.809454310687318,0.6363636363636364,0.352089022067601,0.9206382506596718,0.5833333333333334,0.24920322951453944,0.9174634371521273
threshold_4,eeg,mlp,0.4705882352941176,0.23331925862666347,0.7078572119615717,0.7272727272727273,0.4640855755023683,0.9904598790430863,0.5714285714285714,0.27536602968904356,0.8674911131680992
threshold_4,eeg,rule,0.6,0.29636368514840156,0.9036363148515985,0.5454545454545454,0.25120236437300697,0.8397067265360838,0.5714285714285714,0.20243046169603557,0.9404266811611073
threshold_4,hrv,logreg,0.4545454545454545,0.2464777419237667,0.6626131671671422,0.9090909090909092,0.7392043331338485,1.0789774850479699,0.6060606060606061,0.38631598642605747,0.8258052256951547
threshold_4,hrv,rf,0.45,0.23196777094638096,0.668032229053619,0.8181818181818182,0.5902550587990167,1.0461085775646197,0.5806451612903226,0.3247525637956855,0.8365377587849597
threshold_4,hrv,svm,0.5625,0.31942606491861436,0.8055739350813856,0.8181818181818182,0.5902550587990167,1.0461085775646197,0.6666666666666666,0.41841116230421316,0.9149221710291201
threshold_4,hrv,knn,0.3809523809523809,0.17325270518749772,0.5886520567172641,0.7272727272727273,0.4640855755023683,0.9904598790430863,0.5,0.20476167232453024,0.7952383276754698
threshold_4,hrv,gb,0.3846153846153846,0.19761260567166686,0.5716181635591023,0.9090909090909092,0.7392043331338485,1.0789774850479699,0.5405405405405406,0.3229032353231093,0.7581778457579718
threshold_4,hrv,nb,0.5625,0.31942606491861436,0.8055739350813856,0.8181818181818182,0.5902550587990167,1.0461085775646197,0.6666666666666666,0.41841116230421316,0.9149221710291201
threshold_4,hrv,mlp,0.0,0.0,0.0,0.0,0.0,0.0,0.0,,
threshold_4,hrv,rule,0.4736842105263157,0.24917252812819013,0.6981958929244413,0.8181818181818182,0.5902550587990167,1.0461085775646197,0.6,0.344660312060819,0.855339687939181
threshold_4,non_intrusive,logreg,0.5263157894736842,0.3018041070755586,0.7508274718718098,0.9090909090909092,0.7392043331338485,1.0789774850479699,0.6666666666666666,0.4503700511261074,0.8829632822072259
threshold_4,non_intrusive,rf,0.4545454545454545,0.2464777419237667,0.6626131671671422,0.9090909090909092,0.7392043331338485,1.0789774850479699,0.6060606060606061,0.38631598642605747,0.8258052256951547
threshold_4,non_intrusive,svm,0.5625,0.31942606491861436,0.8055739350813856,0.8181818181818182,0.5902550587990167,1.0461085775646197,0.6666666666666666,0.41841116230421316,0.9149221710291201
threshold_4,non_intrusive,knn,0.4090909090909091,0.2036405045896507,0.6145413135921676,0.8181818181818182,0.5902550587990167,1.0461085775646197,0.5454545454545454,0.29020943083132694,0.8006996600777638
threshold_4,non_intrusive,gb,0.375,0.1813140524048245,0.5686859475951755,0.8181818181818182,0.5902550587990167,1.0461085775646197,0.5142857142857142,0.26134862972867473,0.7672227988427538
threshold_4,non_intrusive,nb,0.5625,0.31942606491861436,0.8055739350813856,0.8181818181818182,0.5902550587990167,1.0461085775646197,0.6666666666666666,0.41841116230421316,0.9149221710291201
threshold_4,non_intrusive,mlp,0.5,0.19010248384771922,0.8098975161522808,0.4545454545454545,0.16029327346391603,0.748797635626993,0.4761904761904761,0.029095533061830103,0.9232854193191221
threshold_4,non_intrusive,rule,0.4210526315789473,0.19904953833410985,0.6430557248237847,0.7272727272727273,0.4640855755023683,0.9904598790430863,0.5333333333333333,0.23632151679213825,0.8303451498745285
threshold_5,pca,logreg,0.1111111111111111,-0.09420797397773004,0.3164301961999523,0.25,-0.17434465027856438,0.6743446502785644,0.1538461538461538,-0.9151315284609787,1.2228238361532862
threshold_5,pca,rf,0.0,0.0,0.0,0.0,0.0,0.0,0.0,,
threshold_5,pca,svm,0.0,,,0.0,0.0,0.0,0.0,,
threshold_5,pca,knn,0.0,0.0,0.0,0.0,0.0,0.0,0.0,,
threshold_5,pca,gb,0.0,0.0,0.0,0.0,0.0,0.0,0.0,,
threshold_5,pca,nb,0.0,0.0,0.0,0.0,0.0,0.0,0.0,,
threshold_5,pca,mlp,0.0,0.0,0.0,0.0,0.0,0.0,0.0,,
threshold_5,pca,rule,0.1428571428571428,-0.11636772167392578,0.40208200738821137,0.25,-0.17434465027856438,0.6743446502785644,0.1818181818181818,-0.9681292533428875,1.331765616979251
threshold_5,ica,logreg,0.0,0.0,0.0,0.0,0.0,0.0,0.0,,
threshold_5,ica,rf,0.15,-0.006490574738305083,0.3064905747383051,0.75,0.3256553497214356,1.1743446502785644,0.25,-0.07967142510061248,0.5796714251006125
threshold_5,ica,svm,0.0,0.0,0.0,0.0,0.0,0.0,0.0,,
threshold_5,ica,knn,0.1428571428571428,-0.11636772167392578,0.40208200738821137,0.25,-0.17434465027856438,0.6743446502785644,0.1818181818181818,-0.9681292533428875,1.331765616979251
threshold_5,ica,gb,0.0,0.0,0.0,0.0,0.0,0.0,0.0,,
threshold_5,ica,nb,0.0,0.0,0.0,0.0,0.0,0.0,0.0,,
threshold_5,ica,mlp,0.1666666666666666,-0.13153235728619286,0.4648656906195261,0.25,-0.17434465027856438,0.6743446502785644,0.2,-0.9837922865896775,1.3837922865896775
threshold_5,ica,rule,0.2142857142857142,-0.0006521887093513812,0.42922361728077973,0.75,0.3256553497214356,1.1743446502785644,0.3333333333333333,-0.06475592523324875,0.7314225918999153
threshold_5,mi,logreg,0.1666666666666666,-0.13153235728619286,0.4648656906195261,0.25,-0.17434465027856438,0.6743446502785644,0.2,-0.9837922865896775,1.3837922865896775
threshold_5,mi,rf,0.0,0.0,0.0,0.0,0.0,0.0,0.0,,
threshold_5,mi,svm,0.0,,,0.0,0.0,0.0,0.0,,
threshold_5,mi,knn,0.0,0.0,0.0,0.0,0.0,0.0,0.0,,
threshold_5,mi,gb,0.5,-0.19295191217483898,1.192951912174839,0.25,-0.17434465027856438,0.6743446502785644,0.3333333333333333,-0.640580600640646,1.3072472673073128
threshold_5,mi,nb,0.1666666666666666,-0.13153235728619286,0.4648656906195261,0.25,-0.17434465027856438,0.6743446502785644,0.2,-0.9837922865896775,1.3837922865896775
threshold_5,mi,mlp,0.0,0.0,0.0,0.0,0.0,0.0,0.0,,
threshold_5,mi,rule,0.4,-0.029406594492117688,0.8294065944921177,0.5,0.010009003864986488,0.9899909961350135,0.4444444444444444,-0.2733571326868117,1.1622460215757004
threshold_5,anova,logreg,0.0,0.0,0.0,0.0,0.0,0.0,0.0,,
threshold_5,anova,rf,0.0,,,0.0,0.0,0.0,0.0,,
threshold_5,anova,svm,0.0,,,0.0,0.0,0.0,0.0,,
threshold_5,anova,knn,0.0,0.0,0.0,0.0,0.0,0.0,0.0,,
threshold_5,anova,gb,0.0,0.0,0.0,0.0,0.0,0.0,0.0,,
threshold_5,anova,nb,0.1666666666666666,-0.13153235728619286,0.4648656906195261,0.25,-0.17434465027856438,0.6743446502785644,0.2,-0.9837922865896775,1.3837922865896775
threshold_5,anova,mlp,0.0,0.0,0.0,0.0,0.0,0.0,0.0,,
threshold_5,anova,rule,0.5,-0.19295191217483898,1.192951912174839,0.25,-0.17434465027856438,0.6743446502785644,0.3333333333333333,-0.640580600640646,1.3072472673073128
threshold_5,rfe,logreg,0.2,-0.15060901623063266,0.5506090162306327,0.25,-0.17434465027856438,0.6743446502785644,0.2222222222222222,-0.9827829542319809,1.4272273986764255
threshold_5,rfe,rf,0.0,0.0,0.0,0.0,0.0,0.0,0.0,,
threshold_5,rfe,svm,0.0,,,0.0,0.0,0.0,0.0,,
threshold_5,rfe,knn,0.0,0.0,0.0,0.0,0.0,0.0,0.0,,
threshold_5,rfe,gb,0.0,0.0,0.0,0.0,0.0,0.0,0.0,,
threshold_5,rfe,nb,0.1666666666666666,-0.13153235728619286,0.4648656906195261,0.25,-0.17434465027856438,0.6743446502785644,0.2,-0.9837922865896775,1.3837922865896775
threshold_5,rfe,mlp,0.0,,,0.0,0.0,0.0,0.0,,
threshold_5,rfe,rule,0.0,0.0,0.0,0.0,0.0,0.0,0.0,,
threshold_5,spearman,logreg,0.0,0.0,0.0,0.0,0.0,0.0,0.0,,
threshold_5,spearman,rf,0.0,0.0,0.0,0.0,0.0,0.0,0.0,,
threshold_5,spearman,svm,0.0,,,0.0,0.0,0.0,0.0,,
threshold_5,spearman,knn,0.0,0.0,0.0,0.0,0.0,0.0,0.0,,
threshold_5,spearman,gb,0.0,0.0,0.0,0.0,0.0,0.0,0.0,,
threshold_5,spearman,nb,0.1666666666666666,-0.13153235728619286,0.4648656906195261,0.25,-0.17434465027856438,0.6743446502785644,0.2,-0.9837922865896775,1.3837922865896775
threshold_5,spearman,mlp,0.0,0.0,0.0,0.0,0.0,0.0,0.0,,
threshold_5,spearman,rule,0.0,0.0,0.0,0.0,0.0,0.0,0.0,,
threshold_5,all_features,logreg,0.1666666666666666,-0.13153235728619286,0.4648656906195261,0.25,-0.17434465027856438,0.6743446502785644,0.2,-0.9837922865896775,1.3837922865896775
threshold_5,all_features,rf,0.0,0.0,0.0,0.0,0.0,0.0,0.0,,
threshold_5,all_features,svm,0.0,,,0.0,0.0,0.0,0.0,,
threshold_5,all_features,knn,0.0,0.0,0.0,0.0,0.0,0.0,0.0,,
threshold_5,all_features,gb,0.0,0.0,0.0,0.0,0.0,0.0,0.0,,
threshold_5,all_features,nb,0.1666666666666666,-0.13153235728619286,0.4648656906195261,0.25,-0.17434465027856438,0.6743446502785644,0.2,-0.9837922865896775,1.3837922865896775
threshold_5,all_features,mlp,0.1739130434782608,0.01900886489407419,0.32881722206244746,1.0,1.0,1.0,0.2962962962962963,0.07148337319332032,0.5211092193992722
threshold_5,all_features,rule,0.0,0.0,0.0,0.0,0.0,0.0,0.0,,
threshold_5,eyetracking,logreg,0.0,0.0,0.0,0.0,0.0,0.0,0.0,,
threshold_5,eyetracking,rf,0.0,,,0.0,0.0,0.0,0.0,,
threshold_5,eyetracking,svm,0.0,,,0.0,0.0,0.0,0.0,,
threshold_5,eyetracking,knn,0.0,0.0,0.0,0.0,0.0,0.0,0.0,,
threshold_5,eyetracking,gb,0.0,,,0.0,0.0,0.0,0.0,,
threshold_5,eyetracking,nb,0.1666666666666666,-0.13153235728619286,0.4648656906195261,0.25,-0.17434465027856438,0.6743446502785644,0.2,-0.9837922865896775,1.3837922865896775
threshold_5,eyetracking,mlp,0.0,,,0.0,0.0,0.0,0.0,,
threshold_5,eyetracking,rule,0.0,0.0,0.0,0.0,0.0,0.0,0.0,,
threshold_5,eeg,logreg,0.0,,,0.0,0.0,0.0,0.0,,
threshold_5,eeg,rf,0.0,0.0,0.0,0.0,0.0,0.0,0.0,,
threshold_5,eeg,svm,0.0,,,0.0,0.0,0.0,0.0,,
threshold_5,eeg,knn,0.0,0.0,0.0,0.0,0.0,0.0,0.0,,
threshold_5,eeg,gb,0.0,0.0,0.0,0.0,0.0,0.0,0.0,,
threshold_5,eeg,nb,0.125,-0.10417230376766187,0.35417230376766184,0.25,-0.17434465027856438,0.6743446502785644,0.1666666666666666,-0.9437660670120892,1.2770994003454224
threshold_5,eeg,mlp,0.0,,,0.0,0.0,0.0,0.0,,
threshold_5,eeg,rule,0.0,0.0,0.0,0.0,0.0,0.0,0.0,,
threshold_5,hrv,logreg,0.0,0.0,0.0,0.0,0.0,0.0,0.0,,
threshold_5,hrv,rf,0.0,0.0,0.0,0.0,0.0,0.0,0.0,,
threshold_5,hrv,svm,0.0,,,0.0,0.0,0.0,0.0,,
threshold_5,hrv,knn,0.0,0.0,0.0,0.0,0.0,0.0,0.0,,
threshold_5,hrv,gb,0.1666666666666666,-0.13153235728619286,0.4648656906195261,0.25,-0.17434465027856438,0.6743446502785644,0.2,-0.9837922865896775,1.3837922865896775
threshold_5,hrv,nb,0.0,0.0,0.0,0.0,0.0,0.0,0.0,,
threshold_5,hrv,mlp,0.0,0.0,0.0,0.0,0.0,0.0,0.0,,
threshold_5,hrv,rule,0.1666666666666666,-0.04419188531361004,0.3775252186469432,0.5,0.010009003864986488,0.9899909961350135,0.25,-0.3501139595444136,0.8501139595444136
threshold_5,non_intrusive,logreg,0.1666666666666666,-0.13153235728619286,0.4648656906195261,0.25,-0.17434465027856438,0.6743446502785644,0.2,-0.9837922865896775,1.3837922865896775
threshold_5,non_intrusive,rf,0.0,0.0,0.0,0.0,0.0,0.0,0.0,,
threshold_5,non_intrusive,svm,0.0,,,0.0,0.0,0.0,0.0,,
threshold_5,non_intrusive,knn,0.0,0.0,0.0,0.0,0.0,0.0,0.0,,
threshold_5,non_intrusive,gb,0.0,0.0,0.0,0.0,0.0,0.0,0.0,,
threshold_5,non_intrusive,nb,0.1666666666666666,-0.13153235728619286,0.4648656906195261,0.25,-0.17434465027856438,0.6743446502785644,0.2,-0.9837922865896775,1.3837922865896775
threshold_5,non_intrusive,mlp,0.0,,,0.0,0.0,0.0,0.0,,
threshold_5,non_intrusive,rule,0.0,0.0,0.0,0.0,0.0,0.0,0.0,,
